source_file,baseline,query_id,query_text,expected_rejection,gt_reference_answer,candidate_answer,candidate_rejected,candidate_executed,candidate_code,llm_verdict,llm_score,llm_reason,gt_sanity,gt_sanity_note,llm_raw
[in_memory_benchmark_run],FLASH_FUSION,1,What is the minimum MLII value recorded for record_id 101?,False,Minimum MLII for record_id 101 is -3.1750.,The minimum MLII value recorded for record_id 101 is -3.175.,False,True,result = df[df['record_id'] == 101]['MLII'].min(),PASS,1.0,Candidate answer matches ground truth,SOUND,Minimum MLII value is correctly provided,"```json
{
  ""verdict"": ""PASS"",
  ""reason"": ""Candidate answer matches ground truth"",
  ""ground_truth_sanity"": ""SOUND"",
  ""ground_truth_note"": ""Minimum MLII value is correctly provided""
}
```"
[in_memory_benchmark_run],FLASH_FUSION,2,What is the total recording duration in seconds (maximum time_s) for record_id 234?,False,Total recording duration for record_id 234 is 1805.5528 seconds.,The total recording duration in seconds for record_id 234 is 1805.5527777777777 seconds.,False,True,result = df[df['record_id'] == 234]['time_s'].max(),PASS,1.0,The candidate answer matches the ground truth exactly.,SOUND,Matches the deterministic sanity hint.,"```json
{
  ""verdict"": ""PASS"",
  ""reason"": ""The candidate answer matches the ground truth exactly."",
  ""ground_truth_sanity"": ""SOUND"",
  ""ground_truth_note"": ""Matches the deterministic sanity hint.""
}
```"
[in_memory_benchmark_run],FLASH_FUSION,3,How many samples in record_id 106 have an MLII value greater than 0?,False,record_id 106 has 111769 samples with MLII > 0.,There are 111769 samples in record_id 106 that have an MLII value greater than 0.,False,True,result = df[(df['record_id'] == 106) & (df['MLII'] > 0)]['sample_idx'].count(),PASS,1.0,The candidate answer matches the ground truth exactly.,SOUND,Matches the deterministic sanity hint.,"```json
{
  ""verdict"": ""PASS"",
  ""reason"": ""The candidate answer matches the ground truth exactly."",
  ""ground_truth_sanity"": ""SOUND"",
  ""ground_truth_note"": ""Matches the deterministic sanity hint.""
}
```"
[in_memory_benchmark_run],FLASH_FUSION,4,What is the timestamp (time_s) of the very last annotated beat in record_id 221?,False,The last annotated beat in record_id 221 occurs at time_s = 1805.027778.,The timestamp (time_s) of the very last annotated beat in record_id 221 is 1805.0277777777776.,False,True,"# Filter rows with record_id equal to 221 and annotation not equal to ''
df_filtered = df[(df['record_id'] == 221) & (df['annotation'] != '')]

# Find the maximum sample_idx in the filtered DataFrame
max_sample_idx = df_filtered['sample_idx'].max()

# Filter rows with sample_idx equal to the maximum sample_idx
df_last_annotated = df_filtered[df_filtered['sample_idx'] == max_sample_idx]

# Get the time_s value of the last annotated beat
result = df_last_annotated['time_s'].values[0]",PASS,1.0,Candidate answer matches ground truth,SOUND,Matches deterministic sanity hint,"```json
{
  ""verdict"": ""PASS"",
  ""reason"": ""Candidate answer matches ground truth"",
  ""ground_truth_sanity"": ""SOUND"",
  ""ground_truth_note"": ""Matches deterministic sanity hint""
}
```"
[in_memory_benchmark_run],FLASH_FUSION,6,Which record_id exhibits the largest peak-to-peak MLII amplitude (difference between maximum and minimum MLII)?,False,record_id 116 has the largest peak-to-peak MLII amplitude at 10.2350.,"The record_id that exhibits the largest peak-to-peak MLII amplitude is 116, with a peak-to-peak amplitude of 10.235.",False,True,"# Filter the DataFrame to only include rows where the 'annotation' column is not an empty string
filtered_df = df[df['annotation'] != '']

# Group by 'record_id' and calculate the minimum and maximum 'MLII' values for each 'record_id'
min_max_mlii = filtered_df.groupby('record_id')['MLII'].agg(['min', 'max']).reset_index()

# Calculate the peak-to-peak 'MLII' amplitude for each 'record_id'
min_max_mlii['peak_to_peak'] = min_max_mlii['max'] - min_max_mlii['min']

# Find the 'record_id' with the maximum peak-to-peak 'MLII' amplitude
max_peak_to_peak_idx = min_max_mlii['peak_to_peak'].idxmax()
record_id_value = min_max_mlii.loc[max_peak_to_peak_idx, 'record_id']
amplitude_value = min_max_mlii.loc[max_peak_to_peak_idx, 'peak_to_peak']

# Create the result dictionary
result = {'record_id': record_id_value, 'peak_to_peak': amplitude_value}",PASS,1.0,The candidate answer matches the ground truth.,SOUND,The ground truth is consistent with the deterministic sanity hint.,"```json
{
  ""verdict"": ""PASS"",
  ""reason"": ""The candidate answer matches the ground truth."",
  ""ground_truth_sanity"": ""SOUND"",
  ""ground_truth_note"": ""The ground truth is consistent with the deterministic sanity hint.""
}
```"
[in_memory_benchmark_run],FLASH_FUSION,7,"For record_id 101, which 10-second interval contains the highest number of annotated beats?",False,"The 10-second interval [110s, 120s) contains the highest number of annotated beats for record_id 101 with 15 beats.",The 10-second interval that contains the highest number of annotated beats for record_id 101 starts at 110.0 seconds and has 15 annotated beats.,False,True,"# Filter the DataFrame to only include rows where record_id equals 101 and annotation is not an empty string
filtered_df = df[(df['record_id'] == 101) & (df['annotation'] != '')]

# Apply a 10-second sliding window operation on the time_s column to create intervals
filtered_df['interval'] = (filtered_df['time_s'] // 10) * 10

# Count the number of annotated beats within each interval
interval_counts = filtered_df.groupby('interval').size().reset_index(name='count')

# Calculate the maximum count of annotated beats across all intervals for record_id 101
max_count = interval_counts['count'].max()

# Find the 10-second interval with the highest count of annotated beats
max_interval = interval_counts.loc[interval_counts['count'] == max_count, 'interval'].iloc[0]

# Construct the result dictionary
result = {'record_id': 101, 'start_time': max_interval, 'max_annotated_beats': max_count}",PASS,1.0,Candidate answer matches ground truth,SOUND,Matches deterministic sanity hint,"```json
{
  ""verdict"": ""PASS"",
  ""reason"": ""Candidate answer matches ground truth"",
  ""ground_truth_sanity"": ""SOUND"",
  ""ground_truth_note"": ""Matches deterministic sanity hint""
}
```"
[in_memory_benchmark_run],FLASH_FUSION,8,Calculate the root mean square (RMS) of the MLII signal for record_id 106.,False,The RMS of the MLII signal for record_id 106 is 0.4088.,The final answer is $\boxed{0.40876962488762447}$.,False,True,"import pandas as pd
import numpy as np

# Filter the DataFrame to only include rows where record_id equals 106
filtered_df = df[df['record_id'] == 106]

# Calculate the root mean square of the MLII signal for the filtered DataFrame
rms = np.sqrt(np.mean(filtered_df['MLII']**2))

# Assign the final answer to a variable named result
result = rms",PASS,1.0,The candidate answer matches the ground truth.,SOUND,The ground truth is consistent with the deterministic sanity hint.,"```json
{
  ""verdict"": ""PASS"",
  ""reason"": ""The candidate answer matches the ground truth."",
  ""ground_truth_sanity"": ""SOUND"",
  ""ground_truth_note"": ""The ground truth is consistent with the deterministic sanity hint.""
}
```"
