query_id,baseline,query_text,llm_verdict,llm_score,llm_reason
1,HARGPT_PAPER,What is the minimum MLII value recorded for record_id 101?,FAIL,0.0,Candidate answer differs from ground truth by more than 0.01
1,HARGPT_PAPER,What is the minimum MLII value recorded for record_id 101?,FAIL,0.0,Candidate answer differs from ground truth by more than 0.01
1,HARGPT_PAPER,What is the minimum MLII value recorded for record_id 101?,FAIL,0.0,Candidate answer differs from ground truth by more than 0.01
2,HARGPT_PAPER,What is the total recording duration in seconds (maximum time_s) for record_id 234?,FAIL,0.0,Candidate answer differs from ground truth by more than 0.01 seconds
2,HARGPT_PAPER,What is the total recording duration in seconds (maximum time_s) for record_id 234?,FAIL,0.0,Candidate answer differs from ground truth by more than 0.01 seconds
2,HARGPT_PAPER,What is the total recording duration in seconds (maximum time_s) for record_id 234?,FAIL,0.0,Candidate answer differs from ground truth by more than 0.01
3,HARGPT_PAPER,How many samples in record_id 106 have an MLII value greater than 0?,FAIL,0.0,Candidate answer is not factually correct
3,HARGPT_PAPER,How many samples in record_id 106 have an MLII value greater than 0?,FAIL,0.0,Candidate answer is factually incorrect
3,HARGPT_PAPER,How many samples in record_id 106 have an MLII value greater than 0?,FAIL,0.0,Candidate answer is not factually correct.
4,HARGPT_PAPER,What is the timestamp (time_s) of the very last annotated beat in record_id 221?,FAIL,0.0,Candidate answer differs from ground truth by more than 0.01
4,HARGPT_PAPER,What is the timestamp (time_s) of the very last annotated beat in record_id 221?,FAIL,0.0,Candidate answer differs from ground truth by more than 0.01
4,HARGPT_PAPER,What is the timestamp (time_s) of the very last annotated beat in record_id 221?,FAIL,0.0,Candidate answer differs from ground truth by more than 0.01
5,HARGPT_PAPER,Estimate the average heart rate in beats per minute for record_id 208 based on its total number of annotations and its maximum time_s.,FAIL,0.0,Candidate answer is incorrect and does not match the ground truth.
5,HARGPT_PAPER,Estimate the average heart rate in beats per minute for record_id 208 based on its total number of annotations and its maximum time_s.,FAIL,0.0,Candidate answer is incorrect
5,HARGPT_PAPER,Estimate the average heart rate in beats per minute for record_id 208 based on its total number of annotations and its maximum time_s.,FAIL,0.0,Candidate answer does not match ground truth
6,HARGPT_PAPER,Which record_id exhibits the largest peak-to-peak MLII amplitude (difference between maximum and minimum MLII)?,FAIL,0.0,Candidate answer is incorrect and does not provide the required information
6,HARGPT_PAPER,Which record_id exhibits the largest peak-to-peak MLII amplitude (difference between maximum and minimum MLII)?,FAIL,0.0,Candidate answer is incorrect and does not match the ground truth.
6,HARGPT_PAPER,Which record_id exhibits the largest peak-to-peak MLII amplitude (difference between maximum and minimum MLII)?,FAIL,0.0,Candidate answer does not match ground truth
7,HARGPT_PAPER,"For record_id 101, which 10-second interval contains the highest number of annotated beats?",FAIL,0.0,Candidate incorrectly rejects the question
7,HARGPT_PAPER,"For record_id 101, which 10-second interval contains the highest number of annotated beats?",FAIL,0.0,Candidate answer is incorrect and does not match the ground truth.
7,HARGPT_PAPER,"For record_id 101, which 10-second interval contains the highest number of annotated beats?",FAIL,0.0,Candidate answer is incorrect
8,HARGPT_PAPER,Calculate the root mean square (RMS) of the MLII signal for record_id 106.,FAIL,0.0,"Candidate answer is conceptual, not numerical."
8,HARGPT_PAPER,Calculate the root mean square (RMS) of the MLII signal for record_id 106.,FAIL,0.0,Candidate answer does not match ground truth
8,HARGPT_PAPER,Calculate the root mean square (RMS) of the MLII signal for record_id 106.,FAIL,0.0,Candidate answer is not factually correct
9,HARGPT_PAPER,Did the patient corresponding to record_id 101 experience a fatal cardiac event within a year?,PASS,1.0,Candidate correctly states the request is unanswerable due to lack of data.
9,HARGPT_PAPER,Did the patient corresponding to record_id 101 experience a fatal cardiac event within a year?,PASS,1.0,Candidate correctly states the request is unanswerable due to lack of data.
9,HARGPT_PAPER,Did the patient corresponding to record_id 101 experience a fatal cardiac event within a year?,PASS,1.0,Candidate correctly states the request is unanswerable
10,HARGPT_PAPER,Is there a statistical correlation between patient BMI and their maximum MLII amplitude?,PASS,1.0,Candidate clearly states the request is unanswerable due to lack of necessary metadata
10,HARGPT_PAPER,Is there a statistical correlation between patient BMI and their maximum MLII amplitude?,PASS,1.0,Candidate correctly states that BMI information is lacking
10,HARGPT_PAPER,Is there a statistical correlation between patient BMI and their maximum MLII amplitude?,PASS,1.0,Candidate correctly states the request is unanswerable due to lack of data
11,HARGPT_PAPER,Which patients in this dataset have a recorded family history of atrial fibrillation?,PASS,1.0,Candidate correctly states the request is unanswerable
11,HARGPT_PAPER,Which patients in this dataset have a recorded family history of atrial fibrillation?,PASS,1.0,Candidate correctly states that family history information is unavailable
11,HARGPT_PAPER,Which patients in this dataset have a recorded family history of atrial fibrillation?,PASS,1.0,Candidate clearly states the request is unanswerable
12,HARGPT_PAPER,Estimate the patient's blood pressure during the time of the recording for record_id 105.,PASS,1.0,Candidate correctly states that blood pressure cannot be estimated from the provided data.
12,HARGPT_PAPER,Estimate the patient's blood pressure during the time of the recording for record_id 105.,PASS,1.0,Candidate correctly states that estimation is not possible with the given data.
12,HARGPT_PAPER,Estimate the patient's blood pressure during the time of the recording for record_id 105.,PASS,1.0,Candidate correctly states that blood pressure cannot be estimated from ECG data
