run_id,source_file,baseline,query_id,query_id_source,query_text,expected_rejection,gt_reference_answer,candidate_answer,candidate_rejected,candidate_executed,candidate_code,llm_verdict,llm_score,llm_reason,gt_sanity,gt_sanity_note,llm_raw
1,[in_memory_benchmark_run],FLASH_FUSION_CACHE,1,explicit,What is the minimum MLII value recorded for record_id 101?,False,Minimum MLII for record_id 101 is -3.1750.,The result is -3.175,False,True,"df = df[df['record_id'] == 101]
result = df['MLII'].min()",PASS,1.0,The candidate answer matches the ground truth value of -3.175 for the minimum MLII of record_id 101.,SOUND,Consistent with deterministic hint and code logic.,"{
  ""verdict"": ""PASS"",
  ""reason"": ""The candidate answer matches the ground truth value of -3.175 for the minimum MLII of record_id 101."",
  ""ground_truth_sanity"": ""SOUND"",
  ""ground_truth_note"": ""Consistent with deterministic hint and code logic.""
}"
1,[in_memory_benchmark_run],FLASH_FUSION_CACHE,2,explicit,What is the total recording duration in seconds (maximum time_s) for record_id 234?,False,Total recording duration for record_id 234 is 1805.5528 seconds.,The result is 1805.5527777777777,False,True,"df = df[df['record_id'] == 234]
result = df['time_s'].max()",PASS,1.0,The candidate answer matches the ground truth value of 1805.553 seconds for the maximum time_s of record_id 234.,SOUND,Matches deterministic hint and is consistent with the query's intent.,"{
  ""verdict"": ""PASS"",
  ""reason"": ""The candidate answer matches the ground truth value of 1805.553 seconds for the maximum time_s of record_id 234."",
  ""ground_truth_sanity"": ""SOUND"",
  ""ground_truth_note"": ""Matches deterministic hint and is consistent with the query's intent.""
}"
1,[in_memory_benchmark_run],FLASH_FUSION_CACHE,3,explicit,"For record_id 106, how many samples have MLII > 0?",False,record_id 106 has 111769 samples with MLII > 0.,The result is 111769,False,True,"df = df[df['MLII'] > 0]
df = df[df['record_id'] == 106]
result = len(df)",PASS,1.0,Candidate answer matches the ground truth value of 111769 for record_id 106 with MLII > 0.,SOUND,Matches deterministic sanity hint and is consistent with query scope.,"{
  ""verdict"": ""PASS"",
  ""reason"": ""Candidate answer matches the ground truth value of 111769 for record_id 106 with MLII > 0."",
  ""ground_truth_sanity"": ""SOUND"",
  ""ground_truth_note"": ""Matches deterministic sanity hint and is consistent with query scope.""
}"
1,[in_memory_benchmark_run],FLASH_FUSION_CACHE,4,explicit,What is the timestamp (time_s) of the last annotated beat for record_id 221?,False,The last annotated beat in record_id 221 occurs at time_s = 1805.027778.,The result is 1805.0277777777776,False,True,"df = df[df['record_id'] == 221]
df = df[df['annotation'].notna() & df['annotation'].astype(str).str.strip().ne('')]
result = df['time_s'].max()",PASS,1.0,The candidate answer matches the ground truth value of 1805.028 for the timestamp of the last annotated beat in record_id 221.,SOUND,Matches deterministic sanity hint and is consistent with the query.,"{
  ""verdict"": ""PASS"",
  ""reason"": ""The candidate answer matches the ground truth value of 1805.028 for the timestamp of the last annotated beat in record_id 221."",
  ""ground_truth_sanity"": ""SOUND"",
  ""ground_truth_note"": ""Matches deterministic sanity hint and is consistent with the query.""
}"
1,[in_memory_benchmark_run],FLASH_FUSION_CACHE,5,explicit,"For record_id 208, what is the average count of rows with a non-empty annotation in each 60-second time_s bin?",False,"For record_id 208, the average annotation count per 60-s time_s is 98.064516.",The result is 98.06451612903226,False,True,"df = df[df['record_id'] == 208]
df = df[df['annotation'].notna() & df['annotation'].astype(str).str.strip().ne('')]
df['time_bin_60s'] = (df['time_s'] // 60.0) * 60.0
result = df.groupby('time_bin_60s').size()
result = result.mean()",PASS,1.0,"The candidate answer matches the ground truth value of 98.065, and the code correctly computes the average count of non-empty annotation rows per 60-second time bin for record_id 208.",SOUND,Matches deterministic sanity hint and is consistent with the query.,"{
  ""verdict"": ""PASS"",
  ""reason"": ""The candidate answer matches the ground truth value of 98.065, and the code correctly computes the average count of non-empty annotation rows per 60-second time bin for record_id 208."",
  ""ground_truth_sanity"": ""SOUND"",
  ""ground_truth_note"": ""Matches deterministic sanity hint and is consistent with the query.""
}"
1,[in_memory_benchmark_run],FLASH_FUSION_CACHE,6,explicit,Which record_id exhibits the largest difference between maximum and minimum MLII?,False,record_id 116 has the largest peak-to-peak MLII amplitude at 10.2350.,"The result is {'record_id': 116, 'diff_MLII': 10.235}",False,True,"# PARALLEL_AGGREGATE branches:
branch_0 = df.groupby(['record_id'])['MLII'].max()
branch_1 = df.groupby(['record_id'])['MLII'].min()
merged = branch_0.merge(branch_1, on=['record_id'], how='outer').fillna(0)
df['diff_MLII'] = df['max_MLII'] - df['min_MLII']
idx = df['diff_MLII'].idxmax(); result = df.loc[idx, ['record_id']].to_dict()",PASS,1.0,"Candidate answer correctly identifies record_id 116 with a peak-to-peak MLII difference of 10.235, matching the ground truth referent.",SOUND,Ground truth is consistent with deterministic hint and plausible.,"{
  ""verdict"": ""PASS"",
  ""reason"": ""Candidate answer correctly identifies record_id 116 with a peak-to-peak MLII difference of 10.235, matching the ground truth referent."",
  ""ground_truth_sanity"": ""SOUND"",
  ""ground_truth_note"": ""Ground truth is consistent with deterministic hint and plausible.""
}"
1,[in_memory_benchmark_run],FLASH_FUSION_CACHE,7,explicit,"For record_id 101, which 10-second interval contains the highest number of annotated beats?",False,"The 10-second interval [110s, 120s) contains the highest number of annotated beats for record_id 101 with 15 beats.","The result is {'time_bin_10s': 110.0, 'count': 15}",False,True,"df = df[df['record_id'] == 101]
df = df[df['annotation'].notna() & df['annotation'].astype(str).str.strip().ne('')]
df['time_bin_10s'] = (df['time_s'] // 10.0) * 10.0
result = df.groupby('time_bin_10s').size()
result = result.idxmax()",PASS,1.0,"The candidate answer identifies the same 10-second interval [110s, 120s) with 15 beats as the ground truth, using equivalent representation via time_bin_10s=110.",SOUND,Matches deterministic hint and is factually consistent.,"{
  ""verdict"": ""PASS"",
  ""reason"": ""The candidate answer identifies the same 10-second interval [110s, 120s) with 15 beats as the ground truth, using equivalent representation via time_bin_10s=110."",
  ""ground_truth_sanity"": ""SOUND"",
  ""ground_truth_note"": ""Matches deterministic hint and is factually consistent.""
}"
1,[in_memory_benchmark_run],FLASH_FUSION_CACHE,8,explicit,Calculate the root mean square (RMS) of the MLII signal for record_id 106.,False,The RMS of the MLII signal for record_id 106 is 0.4088.,The result is 0.40876962488762447,False,True,"df = df[df['record_id'] == 106]
result = df['MLII'].rms()",PASS,1.0,The candidate answer matches the ground truth value of 0.409 for the RMS of the MLII signal for record_id 106.,SOUND,Consistent with deterministic sanity hint and plausible RMS value.,"{
  ""verdict"": ""PASS"",
  ""reason"": ""The candidate answer matches the ground truth value of 0.409 for the RMS of the MLII signal for record_id 106."",
  ""ground_truth_sanity"": ""SOUND"",
  ""ground_truth_note"": ""Consistent with deterministic sanity hint and plausible RMS value.""
}"
1,[in_memory_benchmark_run],FLASH_FUSION_CACHE,13,explicit,Filter to record_id 101 and sort its rows by time_s in ascending order. Use the first 80% of rows for training and the final 20% as the chronological holdout. Train a logistic regression model using the features MLII and V1. Predict whether an annotation is present for the first row in the holdout set.,False,Logistic regression predicts annotation '0' for the first holdout row.,The result is Logistic regression predicts label '' for the first holdout row.,False,True,"# sort_by=['time_s'] split=520000/650000 model='logistic_regression' features=['MLII', 'V1']
result = ""Logistic regression predicts label '' for the first holdout row.""",FAIL,0.0,"Candidate answer omits the predicted label ('0'), making it factually incomplete compared to the ground truth.",SOUND,"Ground truth clearly specifies predicted annotation '0', matching the deterministic hint.","{
  ""verdict"": ""FAIL"",
  ""reason"": ""Candidate answer omits the predicted label ('0'), making it factually incomplete compared to the ground truth."",
  ""ground_truth_sanity"": ""SOUND"",
  ""ground_truth_note"": ""Ground truth clearly specifies predicted annotation '0', matching the deterministic hint.""
}"
1,[in_memory_benchmark_run],FLASH_FUSION_CACHE,14,explicit,Filter to record_id 101 and sort its rows by time_s in ascending order. Use the first 80% of rows for training and the final 20% as the chronological holdout. Train a random forest model using the features MLII and V1. Predict whether an annotation is present for the first row in the holdout set.,False,Random forest predicts annotation '0' for the first holdout row.,The result is Random forest predicts label '' for the first holdout row.,False,True,"# sort_by=['time_s'] split=520000/650000 model='random_forest' features=['MLII', 'V1']
result = ""Random forest predicts label '' for the first holdout row.""",FAIL,0.0,"Candidate answer omits the predicted annotation value ('0'), leaving an empty label, which fails to match the ground truth's specific prediction.",SOUND,Ground truth is consistent with sanity hint and specifies a clear prediction of '0'.,"{
  ""verdict"": ""FAIL"",
  ""reason"": ""Candidate answer omits the predicted annotation value ('0'), leaving an empty label, which fails to match the ground truth's specific prediction."",
  ""ground_truth_sanity"": ""SOUND"",
  ""ground_truth_note"": ""Ground truth is consistent with sanity hint and specifies a clear prediction of '0'.""
}"
1,[in_memory_benchmark_run],FLASH_FUSION_CACHE,15,explicit,Filter to record_id 101 and sort its rows by time_s in ascending order. Use the first 80% of rows for training and the final 20% as the chronological holdout. Train a 1-nearest-neighbor model using the features MLII and V1. Predict whether an annotation is present for the first row in the holdout set.,False,1-nearest-neighbor predicts annotation '0' for the first holdout row.,The result is 1-nearest-neighbor predicts label '0' for the first holdout row.,False,True,"# sort_by=['record_id', 'time_s'] split=520000/650000 model='one_nearest_neighbor' features=['MLII', 'V1']
result = ""1-nearest-neighbor predicts label '0' for the first holdout row.""",PASS,1.0,The candidate answer matches the ground truth in predicting annotation '0' for the first holdout row using 1-nearest-neighbor.,SOUND,Consistent with deterministic hint and code logic.,"{
  ""verdict"": ""PASS"",
  ""reason"": ""The candidate answer matches the ground truth in predicting annotation '0' for the first holdout row using 1-nearest-neighbor."",
  ""ground_truth_sanity"": ""SOUND"",
  ""ground_truth_note"": ""Consistent with deterministic hint and code logic.""
}"
1,[in_memory_benchmark_run],FLASH_FUSION_CACHE,16,explicit,Filter to record_id 101 and sort its rows by time_s in ascending order. Use the first 80% of rows for training and the final 20% as the chronological holdout. Train a hist gradient boosting model using the features MLII and V1. Predict whether an annotation is present for the first row in the holdout set.,False,Hist gradient boosting predicts annotation '0' for the first holdout row.,The result is Hist gradient boosting predicts present '0' for the first holdout row.,False,True,"# sort_by=['time_s'] split=520000/650000 model='hist_gradient_boosting' features=['MLII', 'V1']
result = ""Hist gradient boosting predicts present '0' for the first holdout row.""",PASS,1.0,"The candidate answer conveys the same factual prediction ('0') for the first holdout row using hist gradient boosting, matching the ground truth referent.",SOUND,Consistent with deterministic hint and code.,"{
  ""verdict"": ""PASS"",
  ""reason"": ""The candidate answer conveys the same factual prediction ('0') for the first holdout row using hist gradient boosting, matching the ground truth referent."",
  ""ground_truth_sanity"": ""SOUND"",
  ""ground_truth_note"": ""Consistent with deterministic hint and code.""
}"
2,[in_memory_benchmark_run],FLASH_FUSION_CACHE,1,explicit,What is the minimum MLII value recorded for record_id 101?,False,Minimum MLII for record_id 101 is -3.1750.,The result is -3.175,False,True,"df = df[df['record_id'] == 101]
result = df['MLII'].min()",PASS,1.0,The candidate answer matches the ground truth value of -3.175 for the minimum MLII of record_id 101.,SOUND,Matches deterministic sanity hint and is consistent with the query.,"{
  ""verdict"": ""PASS"",
  ""reason"": ""The candidate answer matches the ground truth value of -3.175 for the minimum MLII of record_id 101."",
  ""ground_truth_sanity"": ""SOUND"",
  ""ground_truth_note"": ""Matches deterministic sanity hint and is consistent with the query.""
}"
2,[in_memory_benchmark_run],FLASH_FUSION_CACHE,2,explicit,What is the total recording duration in seconds (maximum time_s) for record_id 234?,False,Total recording duration for record_id 234 is 1805.5528 seconds.,The result is 1805.5527777777777,False,True,"df = df[df['record_id'] == 234]
result = df['time_s'].max()",PASS,1.0,The candidate answer matches the ground truth value of 1805.553 seconds for the maximum time_s of record_id 234.,SOUND,Matches deterministic hint and is consistent with the query's intent.,"{
  ""verdict"": ""PASS"",
  ""reason"": ""The candidate answer matches the ground truth value of 1805.553 seconds for the maximum time_s of record_id 234."",
  ""ground_truth_sanity"": ""SOUND"",
  ""ground_truth_note"": ""Matches deterministic hint and is consistent with the query's intent.""
}"
2,[in_memory_benchmark_run],FLASH_FUSION_CACHE,3,explicit,"For record_id 106, how many samples have MLII > 0?",False,record_id 106 has 111769 samples with MLII > 0.,The result is 111769,False,True,"df = df[df['MLII'] > 0]
df = df[df['record_id'] == 106]
result = len(df)",PASS,1.0,Candidate answer matches the ground truth value of 111769 samples for record_id 106 with MLII > 0.,SOUND,Matches deterministic sanity hint and is consistent with query.,"{
  ""verdict"": ""PASS"",
  ""reason"": ""Candidate answer matches the ground truth value of 111769 samples for record_id 106 with MLII > 0."",
  ""ground_truth_sanity"": ""SOUND"",
  ""ground_truth_note"": ""Matches deterministic sanity hint and is consistent with query.""
}"
2,[in_memory_benchmark_run],FLASH_FUSION_CACHE,4,explicit,What is the timestamp (time_s) of the last annotated beat for record_id 221?,False,The last annotated beat in record_id 221 occurs at time_s = 1805.027778.,The result is 1805.0277777777776,False,True,"df = df[df['record_id'] == 221]
df = df[df['annotation'].notna() & df['annotation'].astype(str).str.strip().ne('')]
result = df['time_s'].max()",PASS,1.0,The candidate answer matches the ground truth value of 1805.028 for the timestamp of the last annotated beat in record_id 221.,SOUND,Matches deterministic sanity hint and is consistent with the query.,"{
  ""verdict"": ""PASS"",
  ""reason"": ""The candidate answer matches the ground truth value of 1805.028 for the timestamp of the last annotated beat in record_id 221."",
  ""ground_truth_sanity"": ""SOUND"",
  ""ground_truth_note"": ""Matches deterministic sanity hint and is consistent with the query.""
}"
2,[in_memory_benchmark_run],FLASH_FUSION_CACHE,5,explicit,"For record_id 208, what is the average count of rows with a non-empty annotation in each 60-second time_s bin?",False,"For record_id 208, the average annotation count per 60-s time_s is 98.064516.",The result is 98.06451612903226,False,True,"df = df[df['record_id'] == 208]
df = df[df['annotation'].notna() & df['annotation'].astype(str).str.strip().ne('')]
df['time_bin_60s'] = (df['time_s'] // 60.0) * 60.0
result = df.groupby('time_bin_60s').size()
result = result.mean()",PASS,1.0,"The candidate answer matches the ground truth value of 98.065, and the code correctly computes the average count of non-empty annotation rows per 60-second time bin for record_id 208.",SOUND,Matches deterministic hint and is consistent with the query's intent.,"{
  ""verdict"": ""PASS"",
  ""reason"": ""The candidate answer matches the ground truth value of 98.065, and the code correctly computes the average count of non-empty annotation rows per 60-second time bin for record_id 208."",
  ""ground_truth_sanity"": ""SOUND"",
  ""ground_truth_note"": ""Matches deterministic hint and is consistent with the query's intent.""
}"
2,[in_memory_benchmark_run],FLASH_FUSION_CACHE,6,explicit,Which record_id exhibits the largest difference between maximum and minimum MLII?,False,record_id 116 has the largest peak-to-peak MLII amplitude at 10.2350.,"The result is {'record_id': 116, 'diff_MLII': 10.235}",False,True,"# PARALLEL_AGGREGATE branches:
branch_0 = df.groupby(['record_id'])['MLII'].max()
branch_1 = df.groupby(['record_id'])['MLII'].min()
merged = branch_0.merge(branch_1, on=['record_id'], how='outer').fillna(0)
df['diff_MLII'] = df['max_MLII'] - df['min_MLII']
idx = df['diff_MLII'].idxmax(); result = df.loc[idx, ['record_id']].to_dict()",PASS,1.0,"Candidate answer identifies record_id 116 with a peak-to-peak MLII difference of 10.235, matching the ground truth referent.",SOUND,Ground truth is consistent with deterministic hint and correctly specifies the record and amplitude.,"{
  ""verdict"": ""PASS"",
  ""reason"": ""Candidate answer identifies record_id 116 with a peak-to-peak MLII difference of 10.235, matching the ground truth referent."",
  ""ground_truth_sanity"": ""SOUND"",
  ""ground_truth_note"": ""Ground truth is consistent with deterministic hint and correctly specifies the record and amplitude.""
}"
2,[in_memory_benchmark_run],FLASH_FUSION_CACHE,7,explicit,"For record_id 101, which 10-second interval contains the highest number of annotated beats?",False,"The 10-second interval [110s, 120s) contains the highest number of annotated beats for record_id 101 with 15 beats.","The result is {'bin_time_s': 110.0, 'count_annotation': 15}",False,True,"df = df[df['record_id'] == 101]
df = df[df['annotation'].notna() & df['annotation'].astype(str).str.strip().ne('')]
df['bin_time_s'] = (df['time_s'] // 10.0) * 10.0
result = df.groupby('bin_time_s')['annotation'].count()
result = result.idxmax()",PASS,1.0,"The candidate answer identifies the same 10-second interval [110s, 120s) with 15 beats as the ground truth.",SOUND,Matches deterministic hint and is factually consistent.,"{
  ""verdict"": ""PASS"",
  ""reason"": ""The candidate answer identifies the same 10-second interval [110s, 120s) with 15 beats as the ground truth."",
  ""ground_truth_sanity"": ""SOUND"",
  ""ground_truth_note"": ""Matches deterministic hint and is factually consistent.""
}"
2,[in_memory_benchmark_run],FLASH_FUSION_CACHE,8,explicit,Calculate the root mean square (RMS) of the MLII signal for record_id 106.,False,The RMS of the MLII signal for record_id 106 is 0.4088.,The result is 0.40876962488762447,False,True,"df = df[df['record_id'] == 106]
result = df['MLII'].rms()",PASS,1.0,The candidate answer matches the ground truth value of 0.409 for the RMS of the MLII signal for record_id 106.,SOUND,Consistent with deterministic sanity hint and plausible RMS value.,"{
  ""verdict"": ""PASS"",
  ""reason"": ""The candidate answer matches the ground truth value of 0.409 for the RMS of the MLII signal for record_id 106."",
  ""ground_truth_sanity"": ""SOUND"",
  ""ground_truth_note"": ""Consistent with deterministic sanity hint and plausible RMS value.""
}"
2,[in_memory_benchmark_run],FLASH_FUSION_CACHE,13,explicit,Filter to record_id 101 and sort its rows by time_s in ascending order. Use the first 80% of rows for training and the final 20% as the chronological holdout. Train a logistic regression model using the features MLII and V1. Predict whether an annotation is present for the first row in the holdout set.,False,Logistic regression predicts annotation '0' for the first holdout row.,The result is Logistic regression predicts label '' for the first holdout row.,False,True,"# sort_by=['time_s'] split=520000/650000 model='logistic_regression' features=['MLII', 'V1']
result = ""Logistic regression predicts label '' for the first holdout row.""",FAIL,0.0,"Candidate answer omits the predicted label ('0'), making it factually incomplete compared to the ground truth.",SOUND,Ground truth is consistent with sanity hint and specifies a clear prediction ('0').,"{
  ""verdict"": ""FAIL"",
  ""reason"": ""Candidate answer omits the predicted label ('0'), making it factually incomplete compared to the ground truth."",
  ""ground_truth_sanity"": ""SOUND"",
  ""ground_truth_note"": ""Ground truth is consistent with sanity hint and specifies a clear prediction ('0').""
}"
2,[in_memory_benchmark_run],FLASH_FUSION_CACHE,14,explicit,Filter to record_id 101 and sort its rows by time_s in ascending order. Use the first 80% of rows for training and the final 20% as the chronological holdout. Train a random forest model using the features MLII and V1. Predict whether an annotation is present for the first row in the holdout set.,False,Random forest predicts annotation '0' for the first holdout row.,The result is Random forest predicts present '0' for the first holdout row.,False,True,"# sort_by=['time_s'] split=520000/650000 model='random_forest' features=['MLII', 'V1']
result = ""Random forest predicts present '0' for the first holdout row.""",PASS,1.0,The candidate answer conveys the same factual prediction ('0') for the first holdout row as the ground truth.,SOUND,Matches deterministic hint and is consistent with the task.,"{
  ""verdict"": ""PASS"",
  ""reason"": ""The candidate answer conveys the same factual prediction ('0') for the first holdout row as the ground truth."",
  ""ground_truth_sanity"": ""SOUND"",
  ""ground_truth_note"": ""Matches deterministic hint and is consistent with the task.""
}"
2,[in_memory_benchmark_run],FLASH_FUSION_CACHE,15,explicit,Filter to record_id 101 and sort its rows by time_s in ascending order. Use the first 80% of rows for training and the final 20% as the chronological holdout. Train a 1-nearest-neighbor model using the features MLII and V1. Predict whether an annotation is present for the first row in the holdout set.,False,1-nearest-neighbor predicts annotation '0' for the first holdout row.,The result is 1-nearest-neighbor predicts label '0' for the first holdout row.,False,True,"# sort_by=['record_id', 'time_s'] split=520000/650000 model='one_nearest_neighbor' features=['MLII', 'V1']
result = ""1-nearest-neighbor predicts label '0' for the first holdout row.""",PASS,1.0,The candidate answer matches the ground truth in predicting annotation '0' for the first holdout row using 1-nearest-neighbor.,SOUND,Consistent with deterministic hint and expected prediction.,"{
  ""verdict"": ""PASS"",
  ""reason"": ""The candidate answer matches the ground truth in predicting annotation '0' for the first holdout row using 1-nearest-neighbor."",
  ""ground_truth_sanity"": ""SOUND"",
  ""ground_truth_note"": ""Consistent with deterministic hint and expected prediction.""
}"
2,[in_memory_benchmark_run],FLASH_FUSION_CACHE,16,explicit,Filter to record_id 101 and sort its rows by time_s in ascending order. Use the first 80% of rows for training and the final 20% as the chronological holdout. Train a hist gradient boosting model using the features MLII and V1. Predict whether an annotation is present for the first row in the holdout set.,False,Hist gradient boosting predicts annotation '0' for the first holdout row.,The result is Hist gradient boosting predicts label '0' for the first holdout row.,False,True,"# sort_by=['record_id', 'time_s'] split=520000/650000 model='hist_gradient_boosting' features=['MLII', 'V1']
result = ""Hist gradient boosting predicts label '0' for the first holdout row.""",PASS,1.0,The candidate answer matches the ground truth in predicting label '0' for the first holdout row using hist gradient boosting.,SOUND,Consistent with deterministic hint and code logic.,"{
  ""verdict"": ""PASS"",
  ""reason"": ""The candidate answer matches the ground truth in predicting label '0' for the first holdout row using hist gradient boosting."",
  ""ground_truth_sanity"": ""SOUND"",
  ""ground_truth_note"": ""Consistent with deterministic hint and code logic.""
}"
3,[in_memory_benchmark_run],FLASH_FUSION_CACHE,1,explicit,What is the minimum MLII value recorded for record_id 101?,False,Minimum MLII for record_id 101 is -3.1750.,The result is -3.175,False,True,"df = df[df['record_id'] == 101]
result = df['MLII'].min()",PASS,1.0,The candidate answer matches the ground truth value of -3.175 for the minimum MLII of record_id 101.,SOUND,Matches deterministic sanity hint and is consistent with the query.,"{
  ""verdict"": ""PASS"",
  ""reason"": ""The candidate answer matches the ground truth value of -3.175 for the minimum MLII of record_id 101."",
  ""ground_truth_sanity"": ""SOUND"",
  ""ground_truth_note"": ""Matches deterministic sanity hint and is consistent with the query.""
}"
3,[in_memory_benchmark_run],FLASH_FUSION_CACHE,2,explicit,What is the total recording duration in seconds (maximum time_s) for record_id 234?,False,Total recording duration for record_id 234 is 1805.5528 seconds.,The result is 1805.5527777777777,False,True,"df = df[df['record_id'] == 234]
result = df['time_s'].max()",PASS,1.0,The candidate answer matches the ground truth value of 1805.553 seconds for the maximum time_s of record_id 234.,SOUND,Matches deterministic sanity hint and is consistent with the query's intent.,"{
  ""verdict"": ""PASS"",
  ""reason"": ""The candidate answer matches the ground truth value of 1805.553 seconds for the maximum time_s of record_id 234."",
  ""ground_truth_sanity"": ""SOUND"",
  ""ground_truth_note"": ""Matches deterministic sanity hint and is consistent with the query's intent.""
}"
3,[in_memory_benchmark_run],FLASH_FUSION_CACHE,3,explicit,"For record_id 106, how many samples have MLII > 0?",False,record_id 106 has 111769 samples with MLII > 0.,The result is 111769,False,True,"df = df[df['record_id'] == 106]
df = df[df['MLII'] > 0]
result = len(df)",PASS,1.0,Candidate answer matches the ground truth value of 111769 samples for record_id 106 with MLII > 0.,SOUND,Matches deterministic hint and is consistent with the query.,"{
  ""verdict"": ""PASS"",
  ""reason"": ""Candidate answer matches the ground truth value of 111769 samples for record_id 106 with MLII > 0."",
  ""ground_truth_sanity"": ""SOUND"",
  ""ground_truth_note"": ""Matches deterministic hint and is consistent with the query.""
}"
3,[in_memory_benchmark_run],FLASH_FUSION_CACHE,4,explicit,What is the timestamp (time_s) of the last annotated beat for record_id 221?,False,The last annotated beat in record_id 221 occurs at time_s = 1805.027778.,The result is 1805.0277777777776,False,True,"df = df[df['record_id'] == 221]
df = df[df['annotation'].notna() & df['annotation'].astype(str).str.strip().ne('')]
result = df['time_s'].max()",PASS,1.0,The candidate answer matches the ground truth value of 1805.028 for the timestamp of the last annotated beat in record_id 221.,SOUND,Matches deterministic sanity hint and is consistent with the query.,"{
  ""verdict"": ""PASS"",
  ""reason"": ""The candidate answer matches the ground truth value of 1805.028 for the timestamp of the last annotated beat in record_id 221."",
  ""ground_truth_sanity"": ""SOUND"",
  ""ground_truth_note"": ""Matches deterministic sanity hint and is consistent with the query.""
}"
3,[in_memory_benchmark_run],FLASH_FUSION_CACHE,5,explicit,"For record_id 208, what is the average count of rows with a non-empty annotation in each 60-second time_s bin?",False,"For record_id 208, the average annotation count per 60-s time_s is 98.064516.",The result is 98.06451612903226,False,True,"df = df[df['record_id'] == 208]
df = df[df['annotation'].notna() & df['annotation'].astype(str).str.strip().ne('')]
df['time_bin_60s'] = (df['time_s'] // 60.0) * 60.0
result = df.groupby('time_bin_60s').size()
result = result.mean()",PASS,1.0,"The candidate answer matches the ground truth value of 98.065, and the code correctly computes the average count of non-empty annotation rows per 60-second time bin for record_id 208.",SOUND,Matches deterministic sanity hint and is consistent with the query's intent.,"{
  ""verdict"": ""PASS"",
  ""reason"": ""The candidate answer matches the ground truth value of 98.065, and the code correctly computes the average count of non-empty annotation rows per 60-second time bin for record_id 208."",
  ""ground_truth_sanity"": ""SOUND"",
  ""ground_truth_note"": ""Matches deterministic sanity hint and is consistent with the query's intent.""
}"
3,[in_memory_benchmark_run],FLASH_FUSION_CACHE,6,explicit,Which record_id exhibits the largest difference between maximum and minimum MLII?,False,record_id 116 has the largest peak-to-peak MLII amplitude at 10.2350.,"The result is {'record_id': 116, 'diff_MLII': 10.235}",False,True,"# PARALLEL_AGGREGATE branches:
branch_0 = df.groupby(['record_id'])['MLII'].max()
branch_1 = df.groupby(['record_id'])['MLII'].min()
merged = branch_0.merge(branch_1, on=['record_id'], how='outer').fillna(0)
df['diff_MLII'] = df['max_MLII'] - df['min_MLII']
idx = df['diff_MLII'].idxmax(); result = df.loc[idx, ['record_id']].to_dict()",PASS,1.0,"Candidate answer identifies record_id 116 with a peak-to-peak MLII difference of 10.235, matching the ground truth referent.",SOUND,Ground truth is consistent with deterministic hint and correctly specifies record_id and amplitude.,"{
  ""verdict"": ""PASS"",
  ""reason"": ""Candidate answer identifies record_id 116 with a peak-to-peak MLII difference of 10.235, matching the ground truth referent."",
  ""ground_truth_sanity"": ""SOUND"",
  ""ground_truth_note"": ""Ground truth is consistent with deterministic hint and correctly specifies record_id and amplitude.""
}"
3,[in_memory_benchmark_run],FLASH_FUSION_CACHE,7,explicit,"For record_id 101, which 10-second interval contains the highest number of annotated beats?",False,"The 10-second interval [110s, 120s) contains the highest number of annotated beats for record_id 101 with 15 beats.","The result is {'interval_start': 110.0, 'count': 15}",False,True,"df = df[df['record_id'] == 101]
df = df[df['annotation'].notna() & df['annotation'].astype(str).str.strip().ne('')]
df['interval_start'] = (df['time_s'] // 10.0) * 10.0
result = df.groupby('interval_start').size()
result = result.idxmax()",PASS,1.0,"The candidate answer identifies the same 10-second interval starting at 110s with 15 beats, matching the ground truth referent.",SOUND,Matches deterministic hint and is factually consistent.,"{
  ""verdict"": ""PASS"",
  ""reason"": ""The candidate answer identifies the same 10-second interval starting at 110s with 15 beats, matching the ground truth referent."",
  ""ground_truth_sanity"": ""SOUND"",
  ""ground_truth_note"": ""Matches deterministic hint and is factually consistent.""
}"
3,[in_memory_benchmark_run],FLASH_FUSION_CACHE,8,explicit,Calculate the root mean square (RMS) of the MLII signal for record_id 106.,False,The RMS of the MLII signal for record_id 106 is 0.4088.,The result is 0.40876962488762447,False,True,"df = df[df['record_id'] == 106]
result = df['MLII'].rms()",PASS,1.0,The candidate answer matches the ground truth value of 0.409 for the RMS of the MLII signal for record_id 106.,SOUND,Consistent with deterministic sanity hint and plausible RMS value.,"{
  ""verdict"": ""PASS"",
  ""reason"": ""The candidate answer matches the ground truth value of 0.409 for the RMS of the MLII signal for record_id 106."",
  ""ground_truth_sanity"": ""SOUND"",
  ""ground_truth_note"": ""Consistent with deterministic sanity hint and plausible RMS value.""
}"
3,[in_memory_benchmark_run],FLASH_FUSION_CACHE,13,explicit,Filter to record_id 101 and sort its rows by time_s in ascending order. Use the first 80% of rows for training and the final 20% as the chronological holdout. Train a logistic regression model using the features MLII and V1. Predict whether an annotation is present for the first row in the holdout set.,False,Logistic regression predicts annotation '0' for the first holdout row.,The result is Logistic regression predicts label '' for the first holdout row.,False,True,"# sort_by=['record_id', 'time_s'] split=520000/650000 model='logistic_regression' features=['MLII', 'V1']
result = ""Logistic regression predicts label '' for the first holdout row.""",FAIL,0.0,"Candidate answer omits the predicted label ('0'), making it factually incomplete compared to the ground truth.",SOUND,Ground truth is consistent with sanity hint and specifies a clear prediction ('0').,"{
  ""verdict"": ""FAIL"",
  ""reason"": ""Candidate answer omits the predicted label ('0'), making it factually incomplete compared to the ground truth."",
  ""ground_truth_sanity"": ""SOUND"",
  ""ground_truth_note"": ""Ground truth is consistent with sanity hint and specifies a clear prediction ('0').""
}"
3,[in_memory_benchmark_run],FLASH_FUSION_CACHE,14,explicit,Filter to record_id 101 and sort its rows by time_s in ascending order. Use the first 80% of rows for training and the final 20% as the chronological holdout. Train a random forest model using the features MLII and V1. Predict whether an annotation is present for the first row in the holdout set.,False,Random forest predicts annotation '0' for the first holdout row.,The result is Random forest predicts present '0' for the first holdout row.,False,True,"# sort_by=['time_s'] split=520000/650000 model='random_forest' features=['MLII', 'V1']
result = ""Random forest predicts present '0' for the first holdout row.""",PASS,1.0,"The candidate answer conveys the same factual prediction ('0') for the first holdout row as the ground truth, despite minor phrasing differences.",SOUND,Matches deterministic hint and is consistent with the task.,"{
  ""verdict"": ""PASS"",
  ""reason"": ""The candidate answer conveys the same factual prediction ('0') for the first holdout row as the ground truth, despite minor phrasing differences."",
  ""ground_truth_sanity"": ""SOUND"",
  ""ground_truth_note"": ""Matches deterministic hint and is consistent with the task.""
}"
3,[in_memory_benchmark_run],FLASH_FUSION_CACHE,15,explicit,Filter to record_id 101 and sort its rows by time_s in ascending order. Use the first 80% of rows for training and the final 20% as the chronological holdout. Train a 1-nearest-neighbor model using the features MLII and V1. Predict whether an annotation is present for the first row in the holdout set.,False,1-nearest-neighbor predicts annotation '0' for the first holdout row.,The result is 1-nearest-neighbor predicts label '0' for the first holdout row.,False,True,"# sort_by=['record_id', 'time_s'] split=520000/650000 model='one_nearest_neighbor' features=['MLII', 'V1']
result = ""1-nearest-neighbor predicts label '0' for the first holdout row.""",PASS,1.0,The candidate answer matches the ground truth in predicting annotation '0' for the first holdout row using 1-nearest-neighbor.,SOUND,Consistent with deterministic hint and code logic.,"{
  ""verdict"": ""PASS"",
  ""reason"": ""The candidate answer matches the ground truth in predicting annotation '0' for the first holdout row using 1-nearest-neighbor."",
  ""ground_truth_sanity"": ""SOUND"",
  ""ground_truth_note"": ""Consistent with deterministic hint and code logic.""
}"
3,[in_memory_benchmark_run],FLASH_FUSION_CACHE,16,explicit,Filter to record_id 101 and sort its rows by time_s in ascending order. Use the first 80% of rows for training and the final 20% as the chronological holdout. Train a hist gradient boosting model using the features MLII and V1. Predict whether an annotation is present for the first row in the holdout set.,False,Hist gradient boosting predicts annotation '0' for the first holdout row.,The result is Hist gradient boosting predicts label '0' for the first holdout row.,False,True,"# sort_by=['record_id', 'time_s'] split=520000/650000 model='hist_gradient_boosting' features=['MLII', 'V1']
result = ""Hist gradient boosting predicts label '0' for the first holdout row.""",PASS,1.0,The candidate answer matches the ground truth in predicting label '0' for the first holdout row using hist gradient boosting.,SOUND,Consistent with deterministic hint and code logic.,"{
  ""verdict"": ""PASS"",
  ""reason"": ""The candidate answer matches the ground truth in predicting label '0' for the first holdout row using hist gradient boosting."",
  ""ground_truth_sanity"": ""SOUND"",
  ""ground_truth_note"": ""Consistent with deterministic hint and code logic.""
}"
