baseline,query_id,gt_score,gt_method,latency_s,cost_usd,input_tokens,output_tokens,executed,rejected,judge_verdict,stages_run,s1_latency_s,s2_latency_s,s3_latency_s,guardrail_latency_s,agent_latency_s,s1_latency_ms,s2_latency_ms,s3_latency_ms,guardrail_latency_ms,agent_latency_ms,dataset,fraction,fraction_tag,sample_rows,full_rows
FLASH_FUSION,1,0.0,guardrail_skip_unexpected_rejection,9.989388942718506,0.00020246,149,145,False,True,N/A,"S1,S2,S3,guardrail",1.4092841148376465,1.5511651039123535,3.9976561069488525,2.889518976211548,0.0,1409.2841148376465,1551.1651039123535,3997.6561069488525,2889.518976211548,0.0,wisdm,0.2,20,219639,1098198
FLASH_FUSION,2,1.0,llm_judge_score,14.050027132034302,0.00056072,704,184,True,False,N/A,"S1,S2,S3,guardrail,agent",1.357611894607544,3.5336520671844482,2.4986979961395264,0.6121969223022461,5.9123756885528564,1357.611894607544,3533.6520671844482,2498.6979961395264,612.1969223022461,5912.375688552856,wisdm,0.2,20,219639,1098198
FLASH_FUSION,3,0.0,guardrail_skip_unexpected_rejection,15.265026807785034,0.00025425999999999997,206,168,False,True,N/A,"S1,S2,S3,guardrail",0.7923121452331543,8.707442998886108,3.964970111846924,1.6663689613342285,0.0,792.3121452331543,8707.442998886108,3964.970111846924,1666.3689613342285,0.0,wisdm,0.2,20,219639,1098198
FLASH_FUSION,4,1.0,llm_judge_score,16.158984899520874,0.0007183000000000001,872,258,True,False,N/A,"S1,S2,S3,guardrail,agent",3.7119500637054443,1.1129469871520996,5.5402631759643555,0.5314359664916992,5.137546062469482,3711.9500637054443,1112.9469871520996,5540.2631759643555,531.4359664916992,5137.546062469482,wisdm,0.2,20,219639,1098198
FLASH_FUSION,5,0.0,guardrail_skip_unexpected_rejection,10.94222903251648,0.00041220000000000004,309,291,False,True,N/A,"S1,S2,S3,guardrail",1.1988520622253418,6.7339558601379395,0.8706550598144531,2.0055928230285645,0.0,1198.8520622253418,6733.955860137939,870.6550598144531,2005.5928230285645,0.0,wisdm,0.2,20,219639,1098198
FLASH_FUSION,6,0.0,llm_judge_score,25.17989182472229,0.00129429,1393,598,True,False,N/A,"S1,S2,S3,guardrail,agent",1.173975944519043,5.521554946899414,6.815270185470581,0.49452900886535645,11.032115936279297,1173.975944519043,5521.554946899414,6815.270185470581,494.52900886535645,11032.115936279297,wisdm,0.2,20,219639,1098198
FLASH_FUSION,7,0.0,guardrail_skip_unexpected_rejection,12.360239744186401,0.00033551,254,235,False,True,N/A,"S1,S2,S3,guardrail",2.5254290103912354,2.2813119888305664,4.285811901092529,3.126232862472534,0.0,2525.4290103912354,2281.3119888305664,4285.811901092529,3126.232862472534,0.0,wisdm,0.2,20,219639,1098198
FLASH_FUSION,8,1.0,llm_judge_score,17.593504190444946,0.0007381599999999999,828,316,True,False,N/A,"S1,S2,S3,guardrail,agent",1.4851720333099365,2.176450729370117,4.024269104003906,0.44924092292785645,9.320439100265503,1485.1720333099365,2176.450729370117,4024.2691040039062,449.24092292785645,9320.439100265503,wisdm,0.2,20,219639,1098198
FLASH_FUSION,9,1.0,guardrail_skip_expected_rejection,13.561110973358154,0.0005811,452,398,False,True,N/A,"S1,S2,S3,guardrail",0.7612359523773193,5.071136951446533,6.641083002090454,0.9660427570343018,0.0,761.2359523773193,5071.136951446533,6641.083002090454,966.0427570343018,0.0,wisdm,0.2,20,219639,1098198
FLASH_FUSION,10,1.0,guardrail_skip_expected_rejection,14.243596076965332,0.00046284,356,320,False,True,N/A,"S1,S2,S3,guardrail",1.4012339115142822,2.210855007171631,6.607029914855957,3.908118724822998,0.0,1401.2339115142822,2210.855007171631,6607.029914855957,3908.118724822998,0.0,wisdm,0.2,20,219639,1098198
FLASH_FUSION,11,1.0,guardrail_skip_expected_rejection,25.057304859161377,0.00055807,421,392,False,True,N/A,"S1,S2,S3,guardrail",1.2783448696136475,5.156607151031494,16.348212957382202,2.145700693130493,0.0,1278.3448696136475,5156.607151031494,16348.212957382202,2145.700693130493,0.0,wisdm,0.2,20,219639,1098198
FLASH_FUSION,12,1.0,guardrail_skip_expected_rejection,14.601396083831787,0.00059472,455,413,False,True,N/A,"S1,S2,S3,guardrail",3.3264811038970947,4.918880939483643,5.142760992050171,1.0907173156738281,0.0,3326.4811038970947,4918.880939483643,5142.760992050171,1090.7173156738281,0.0,wisdm,0.2,20,219639,1098198
FLASH_FUSION,1,1.0,llm_judge_score,12.31505012512207,0.00036341,470,109,True,False,N/A,"S1,S2,S3,guardrail,agent",2.3937370777130127,1.3064699172973633,3.2249040603637695,0.6259801387786865,4.486634016036987,2393.7370777130127,1306.4699172973633,3224.9040603637695,625.9801387786865,4486.634016036987,wisdm,0.4,40,439279,1098198
FLASH_FUSION,2,1.0,llm_judge_score,11.684368133544922,0.00051563,649,168,True,False,N/A,"S1,S2,S3,guardrail,agent",0.8697700500488281,4.2894370555877686,0.5637030601501465,1.1797959804534912,4.497031211853027,869.7700500488281,4289.437055587769,563.7030601501465,1179.7959804534912,4497.031211853027,wisdm,0.4,40,439279,1098198
FLASH_FUSION,3,1.0,llm_judge_score,14.205258846282959,0.00055187,689,184,True,False,N/A,"S1,S2,S3,guardrail,agent",1.3269448280334473,6.154850959777832,0.957150936126709,0.6467602252960205,4.8574981689453125,1326.9448280334473,6154.850959777832,957.150936126709,646.7602252960205,4857.4981689453125,wisdm,0.4,40,439279,1098198
FLASH_FUSION,4,1.0,llm_judge_score,19.866020679473877,0.00067674,827,239,True,False,N/A,"S1,S2,S3,guardrail,agent",6.533134937286377,1.627258062362671,5.025301933288574,0.7924320697784424,5.608528137207031,6533.134937286377,1627.258062362671,5025.301933288574,792.4320697784424,5608.528137207031,wisdm,0.4,40,439279,1098198
FLASH_FUSION,5,1.0,llm_judge_score,21.103680849075317,0.0007760400000000001,844,352,True,False,N/A,"S1,S2,S3,guardrail,agent",1.6102979183197021,2.1242916584014893,5.353434085845947,0.6921060085296631,11.049092292785645,1610.2979183197021,2124.2916584014893,5353.434085845947,692.1060085296631,11049.092292785645,wisdm,0.4,40,439279,1098198
FLASH_FUSION,6,1.0,llm_judge_score,27.267600059509277,0.00110537,1121,562,True,False,N/A,"S1,S2,S3,guardrail,agent",1.1426091194152832,3.955364942550659,5.4205002784729,0.6293370723724365,15.841197729110718,1142.6091194152832,3955.364942550659,5420.5002784729,629.3370723724365,15841.197729110718,wisdm,0.4,40,439279,1098198
FLASH_FUSION,7,1.0,llm_judge_score,19.461133003234863,0.0005402499999999999,676,179,True,False,N/A,"S1,S2,S3,guardrail,agent",0.854755163192749,2.4711360931396484,5.265531063079834,4.856872797012329,5.741923809051514,854.755163192749,2471.1360931396484,5265.531063079834,4856.872797012329,5741.923809051514,wisdm,0.4,40,439279,1098198
FLASH_FUSION,8,1.0,llm_judge_score,34.51296305656433,0.0007509200000000001,859,309,True,False,N/A,"S1,S2,S3,guardrail,agent",3.485337972640991,1.970412015914917,20.792869091033936,0.7802000045776367,7.215537071228027,3485.337972640991,1970.412015914917,20792.869091033936,780.2000045776367,7215.537071228027,wisdm,0.4,40,439279,1098198
FLASH_FUSION,9,1.0,guardrail_skip_expected_rejection,12.533330917358398,0.00056083,423,394,False,True,N/A,"S1,S2,S3,guardrail",4.5313332080841064,3.611309051513672,1.3551990985870361,2.775128126144409,0.0,4531.333208084106,3611.309051513672,1355.1990985870361,2775.128126144409,0.0,wisdm,0.4,40,439279,1098198
FLASH_FUSION,10,1.0,guardrail_skip_expected_rejection,29.455565929412842,0.00057364,434,402,False,True,N/A,"S1,S2,S3,guardrail",0.97062087059021,6.037316083908081,20.323596000671387,1.8754501342773438,0.0,970.62087059021,6037.316083908081,20323.596000671387,1875.4501342773438,0.0,wisdm,0.4,40,439279,1098198
FLASH_FUSION,11,1.0,guardrail_skip_expected_rejection,21.20028781890869,0.00053498,414,368,False,True,N/A,"S1,S2,S3,guardrail",1.3903701305389404,4.89465594291687,7.809551239013672,6.8421080112457275,0.0,1390.3701305389404,4894.65594291687,7809.551239013672,6842.1080112457275,0.0,wisdm,0.4,40,439279,1098198
FLASH_FUSION,12,1.0,guardrail_skip_expected_rejection,32.29949903488159,0.00066865,508,467,False,True,N/A,"S1,S2,S3,guardrail",1.1759450435638428,14.623443126678467,13.346073865890503,2.903991937637329,0.0,1175.9450435638428,14623.443126678467,13346.073865890503,2903.991937637329,0.0,wisdm,0.4,40,439279,1098198
FLASH_FUSION,1,1.0,llm_judge_score,12.526605129241943,0.00035691,463,106,True,False,N/A,"S1,S2,S3,guardrail,agent",1.5388150215148926,2.500093936920166,2.8895230293273926,0.6009438037872314,4.556878089904785,1538.8150215148926,2500.093936920166,2889.5230293273926,600.9438037872314,4556.878089904785,wisdm,0.6,60,658918,1098198
FLASH_FUSION,2,1.0,llm_judge_score,17.624557971954346,0.00054481,669,190,True,False,N/A,"S1,S2,S3,guardrail,agent",1.0133581161499023,1.072340965270996,3.325531005859375,0.5493490695953369,11.23603892326355,1013.3581161499023,1072.340965270996,3325.531005859375,549.3490695953369,11236.03892326355,wisdm,0.6,60,658918,1098198
FLASH_FUSION,3,1.0,llm_judge_score,8.461263179779053,0.00042347,541,132,True,False,N/A,"S1,S2,S3,guardrail,agent",0.7519469261169434,0.7250759601593018,1.7309932708740234,0.6904881000518799,4.171855211257935,751.9469261169434,725.0759601593018,1730.9932708740234,690.4881000518799,4171.855211257935,wisdm,0.6,60,658918,1098198
FLASH_FUSION,4,1.0,llm_judge_score,16.96566104888916,0.00075667,850,323,True,False,N/A,"S1,S2,S3,guardrail,agent",0.8828768730163574,3.9715960025787354,4.418280839920044,1.4969043731689453,5.781797170639038,882.8768730163574,3971.5960025787354,4418.280839920044,1496.9043731689453,5781.797170639038,wisdm,0.6,60,658918,1098198
FLASH_FUSION,5,1.0,llm_judge_score,23.83642292022705,0.00076952,845,343,True,False,N/A,"S1,S2,S3,guardrail,agent",2.056652784347534,2.7795350551605225,4.579463958740234,0.5115799903869629,13.475556135177612,2056.652784347534,2779.5350551605225,4579.463958740234,511.5799903869629,13475.556135177612,wisdm,0.6,60,658918,1098198
FLASH_FUSION,6,1.0,llm_judge_score,28.004410982131958,0.00112989,1267,484,True,False,N/A,"S1,S2,S3,guardrail,agent",1.3561320304870605,3.1383328437805176,9.597450971603394,2.014004945755005,11.450392007827759,1356.1320304870605,3138.3328437805176,9597.450971603394,2014.0049457550049,11450.392007827759,wisdm,0.6,60,658918,1098198
FLASH_FUSION,7,1.0,llm_judge_score,13.87568211555481,0.00058497,721,202,True,False,N/A,"S1,S2,S3,guardrail,agent",0.8740558624267578,2.853668212890625,2.9438138008117676,1.1059153079986572,5.6595330238342285,874.0558624267578,2853.668212890625,2943.8138008117676,1105.9153079986572,5659.5330238342285,wisdm,0.6,60,658918,1098198
FLASH_FUSION,8,1.0,llm_judge_score,17.039627075195312,0.00064008,797,215,True,False,N/A,"S1,S2,S3,guardrail,agent",0.9530658721923828,3.3691298961639404,7.439029932022095,0.5999081134796143,4.248473167419434,953.0658721923828,3369.1298961639404,7439.029932022095,599.9081134796143,4248.473167419434,wisdm,0.6,60,658918,1098198
FLASH_FUSION,9,1.0,guardrail_skip_expected_rejection,14.855315208435059,0.00050776,400,344,False,True,N/A,"S1,S2,S3,guardrail",0.741962194442749,5.822901964187622,6.1652140617370605,1.7156982421875,0.0,741.962194442749,5822.901964187622,6165.214061737061,1715.6982421875,0.0,wisdm,0.6,60,658918,1098198
FLASH_FUSION,10,1.0,guardrail_skip_expected_rejection,15.795870065689087,0.00038475,308,257,False,True,N/A,"S1,S2,S3,guardrail",1.2126343250274658,2.385205030441284,10.242151021957397,1.5497441291809082,0.0,1212.6343250274658,2385.205030441284,10242.151021957397,1549.7441291809082,0.0,wisdm,0.6,60,658918,1098198
FLASH_FUSION,11,1.0,guardrail_skip_expected_rejection,14.942671060562134,0.00054917,426,377,False,True,N/A,"S1,S2,S3,guardrail",0.8765289783477783,4.933788061141968,7.771265983581543,0.9853599071502686,0.0,876.5289783477783,4933.788061141968,7771.265983581543,985.3599071502686,0.0,wisdm,0.6,60,658918,1098198
FLASH_FUSION,12,1.0,guardrail_skip_expected_rejection,27.02129101753235,0.00067139,518,463,False,True,N/A,"S1,S2,S3,guardrail",8.239161729812622,6.2585039138793945,7.808449745178223,4.304417133331299,0.0,8239.161729812622,6258.5039138793945,7808.449745178223,4304.417133331299,0.0,wisdm,0.6,60,658918,1098198
FLASH_FUSION,1,1.0,llm_judge_score,22.152265787124634,0.00035691,463,106,True,False,N/A,"S1,S2,S3,guardrail,agent",0.6098759174346924,1.296806812286377,9.587254762649536,0.8074948787689209,9.31177306175232,609.8759174346924,1296.806812286377,9587.254762649536,807.4948787689209,9311.77306175232,wisdm,0.8,80,878558,1098198
FLASH_FUSION,2,1.0,llm_judge_score,17.35275411605835,0.00057443,671,226,True,False,N/A,"S1,S2,S3,guardrail,agent",1.1930758953094482,2.3050661087036133,3.3443052768707275,0.6772739887237549,9.23071002960205,1193.0758953094482,2305.0661087036133,3344.3052768707275,677.2739887237549,9230.71002960205,wisdm,0.8,80,878558,1098198
FLASH_FUSION,3,0.0,llm_judge_score,17.46361017227173,0.00042268000000000004,541,131,True,False,N/A,"S1,S2,S3,guardrail,agent",0.8727259635925293,2.809338092803955,6.977457284927368,0.8851151466369629,5.363837957382202,872.7259635925293,2809.338092803955,6977.457284927368,885.1151466369629,5363.837957382202,wisdm,0.8,80,878558,1098198
FLASH_FUSION,4,1.0,llm_judge_score,26.77769136428833,0.00074866,815,339,True,False,N/A,"S1,S2,S3,guardrail,agent",0.8243427276611328,1.9175469875335693,5.044119596481323,1.7976539134979248,16.627427101135254,824.3427276611328,1917.5469875335693,5044.119596481323,1797.6539134979248,16627.427101135254,wisdm,0.8,80,878558,1098198
FLASH_FUSION,5,1.0,llm_judge_score,40.03327918052673,0.0008228599999999999,839,415,True,False,N/A,"S1,S2,S3,guardrail,agent",1.0018069744110107,2.761662006378174,4.947464942932129,0.710578203201294,30.049848079681396,1001.8069744110107,2761.662006378174,4947.464942932129,710.578203201294,30049.848079681396,wisdm,0.8,80,878558,1098198
FLASH_FUSION,6,1.0,llm_judge_score,36.32294416427612,0.00104951,1108,501,True,False,N/A,"S1,S2,S3,guardrail,agent",1.889301061630249,3.5947909355163574,9.972188949584961,1.5686578750610352,18.753132104873657,1889.301061630249,3594.7909355163574,9972.188949584961,1568.6578750610352,18753.132104873657,wisdm,0.8,80,878558,1098198
FLASH_FUSION,7,1.0,llm_judge_score,23.513947010040283,0.00061509,760,211,True,False,N/A,"S1,S2,S3,guardrail,agent",1.0624890327453613,8.671879291534424,3.723254919052124,1.123499870300293,8.37209177017212,1062.4890327453613,8671.879291534424,3723.254919052124,1123.499870300293,8372.09177017212,wisdm,0.8,80,878558,1098198
FLASH_FUSION,8,1.0,llm_judge_score,17.913064002990723,0.0006575800000000001,749,273,True,False,N/A,"S1,S2,S3,guardrail,agent",2.436192035675049,2.8446249961853027,2.4439311027526855,1.4538288116455078,8.211046934127808,2436.192035675049,2844.6249961853027,2443.9311027526855,1453.8288116455078,8211.046934127808,wisdm,0.8,80,878558,1098198
FLASH_FUSION,9,1.0,guardrail_skip_expected_rejection,10.14800477027893,0.00051586,399,355,False,True,N/A,"S1,S2,S3,guardrail",0.9273788928985596,0.8003051280975342,4.902789115905762,2.9759581089019775,0.0,927.3788928985596,800.3051280975342,4902.789115905762,2975.9581089019775,0.0,wisdm,0.8,80,878558,1098198
FLASH_FUSION,10,1.0,guardrail_skip_expected_rejection,18.839104890823364,0.00045257,356,307,False,True,N/A,"S1,S2,S3,guardrail",1.1104240417480469,1.6868181228637695,13.58020305633545,1.944031000137329,0.0,1110.4240417480469,1686.8181228637695,13580.20305633545,1944.031000137329,0.0,wisdm,0.8,80,878558,1098198
FLASH_FUSION,11,1.0,guardrail_skip_expected_rejection,19.502295970916748,0.0005911899999999999,445,416,False,True,N/A,"S1,S2,S3,guardrail",1.533531904220581,1.5260579586029053,12.947656154632568,2.9589717388153076,0.0,1533.531904220581,1526.0579586029053,12947.656154632568,2958.9717388153076,0.0,wisdm,0.8,80,878558,1098198
FLASH_FUSION,12,1.0,guardrail_skip_expected_rejection,21.07454514503479,0.00070097,536,487,False,True,N/A,"S1,S2,S3,guardrail",2.0314769744873047,8.42753791809082,8.361057043075562,1.7373428344726562,0.0,2031.4769744873047,8427.53791809082,8361.057043075562,1737.3428344726562,0.0,wisdm,0.8,80,878558,1098198
FLASH_FUSION,1,1.0,llm_judge_score,15.142331838607788,0.00035691,463,106,True,False,N/A,"S1,S2,S3,guardrail,agent",0.8721268177032471,1.344552993774414,4.932292222976685,0.939399242401123,6.38215184211731,872.1268177032471,1344.552993774414,4932.292222976685,939.399242401123,6382.15184211731,wisdm,1.0,100,1098198,1098198
FLASH_FUSION,2,1.0,llm_judge_score,17.803514003753662,0.00043921999999999993,561,137,True,False,N/A,"S1,S2,S3,guardrail,agent",0.7200591564178467,1.8284611701965332,5.601480007171631,0.6777594089508057,8.2743821144104,720.0591564178467,1828.4611701965332,5601.480007171631,677.7594089508057,8274.3821144104,wisdm,1.0,100,1098198,1098198
FLASH_FUSION,3,1.0,llm_judge_score,16.650402069091797,0.00050304,629,167,True,False,N/A,"S1,S2,S3,guardrail,agent",1.139456033706665,2.104081869125366,6.664353847503662,1.314666986465454,4.770381689071655,1139.456033706665,2104.081869125366,6664.353847503662,1314.666986465454,4770.381689071655,wisdm,1.0,100,1098198,1098198
FLASH_FUSION,4,1.0,llm_judge_score,64.33023881912231,0.0007113699999999999,800,303,True,False,N/A,"S1,S2,S3,guardrail,agent",0.8836772441864014,2.8866560459136963,52.52839708328247,1.3455119132995605,5.912909030914307,883.6772441864014,2886.6560459136963,52528.39708328247,1345.5119132995605,5912.909030914307,wisdm,1.0,100,1098198,1098198
FLASH_FUSION,5,1.0,llm_judge_score,49.8060998916626,0.0008861299999999998,890,457,True,False,N/A,"S1,S2,S3,guardrail,agent",2.295703887939453,2.5013890266418457,31.24717116355896,0.992110013961792,12.116780996322632,2295.703887939453,2501.3890266418457,31247.17116355896,992.110013961792,12116.780996322632,wisdm,1.0,100,1098198,1098198
FLASH_FUSION,6,1.0,llm_judge_score,99.71728801727295,0.00105149,1106,505,True,False,N/A,"S1,S2,S3,guardrail,agent",6.357759952545166,12.98298978805542,31.441294193267822,0.9084486961364746,47.298956871032715,6357.759952545166,12982.98978805542,31441.294193267822,908.4486961364746,47298.956871032715,wisdm,1.0,100,1098198,1098198
FLASH_FUSION,7,1.0,llm_judge_score,15.565178871154785,0.00052312,655,173,True,False,N/A,"S1,S2,S3,guardrail,agent",1.3037939071655273,1.4554800987243652,5.737161159515381,0.9456539154052734,5.418069839477539,1303.7939071655273,1455.4800987243652,5737.161159515381,945.6539154052734,5418.069839477539,wisdm,1.0,100,1098198,1098198
FLASH_FUSION,8,1.0,llm_judge_score,18.854118824005127,0.00068909,785,286,True,False,N/A,"S1,S2,S3,guardrail,agent",1.1307249069213867,3.6957108974456787,3.068284034729004,0.798720121383667,9.466638803482056,1130.7249069213867,3695.7108974456787,3068.284034729004,798.720121383667,9466.638803482056,wisdm,1.0,100,1098198,1098198
FLASH_FUSION,9,1.0,guardrail_skip_expected_rejection,27.330934762954712,0.0006394700000000001,488,445,False,True,N/A,"S1,S2,S3,guardrail",0.9132769107818604,3.5346741676330566,17.17943501472473,4.998860120773315,0.0,913.2769107818604,3534.6741676330566,17179.43501472473,4998.860120773315,0.0,wisdm,1.0,100,1098198,1098198
FLASH_FUSION,10,1.0,guardrail_skip_expected_rejection,21.418490171432495,0.00038573000000000004,311,256,False,True,N/A,"S1,S2,S3,guardrail",0.5669708251953125,5.760215997695923,12.470813274383545,1.956301212310791,0.0,566.9708251953125,5760.215997695923,12470.813274383545,1956.301212310791,0.0,wisdm,1.0,100,1098198,1098198
FLASH_FUSION,11,1.0,guardrail_skip_expected_rejection,45.39318585395813,0.0006306,481,439,False,True,N/A,"S1,S2,S3,guardrail",1.329164981842041,12.832389831542969,28.56440806388855,2.038740396499634,0.0,1329.164981842041,12832.389831542969,28564.40806388855,2038.7403964996338,0.0,wisdm,1.0,100,1098198,1098198
FLASH_FUSION,12,1.0,guardrail_skip_expected_rejection,34.377793073654175,0.0006857899999999999,525,476,False,True,N/A,"S1,S2,S3,guardrail",2.246788740158081,7.706106185913086,21.95640802383423,1.7601869106292725,0.0,2246.788740158081,7706.106185913086,21956.40802383423,1760.1869106292725,0.0,wisdm,1.0,100,1098198,1098198
FLASH_FUSION,1,1.0,llm_judge_score,15.70802903175354,0.00033842,433,105,True,False,N/A,"S1,S2,S3,guardrail,agent",0.8374950885772705,0.8762800693511963,2.7371068000793457,1.1790690422058105,9.23912501335144,837.4950885772705,876.2800693511963,2737.1068000793457,1179.0690422058105,9239.12501335144,mit_ecg,0.2,20,5200000,26000000
FLASH_FUSION,2,0.0,guardrail_skip_unexpected_rejection,28.513532161712646,0.00022488,187,145,False,True,N/A,"S1,S2,S3,guardrail",1.089271068572998,22.399163961410522,2.139899969100952,2.0742220878601074,0.0,1089.271068572998,22399.163961410522,2139.899969100952,2074.2220878601074,0.0,mit_ecg,0.2,20,5200000,26000000
FLASH_FUSION,3,1.0,llm_judge_score,18.216384887695312,0.00044654,556,150,True,False,N/A,"S1,S2,S3,guardrail,agent",1.0590331554412842,1.017897129058838,3.5904769897460938,1.466897964477539,10.301305770874023,1059.0331554412842,1017.8971290588379,3590.4769897460938,1466.897964477539,10301.305770874023,mit_ecg,0.2,20,5200000,26000000
FLASH_FUSION,4,0.0,guardrail_skip_unexpected_rejection,20.730502128601074,0.00028638,235,187,False,True,N/A,"S1,S2,S3,guardrail",1.8714361190795898,5.016432046890259,10.404919862747192,2.566857099533081,0.0,1871.4361190795898,5016.432046890259,10404.919862747192,2566.857099533081,0.0,mit_ecg,0.2,20,5200000,26000000
FLASH_FUSION,5,0.0,guardrail_skip_unexpected_rejection,53.839707136154175,0.00055189,444,367,False,True,N/A,"S1,S2,S3,guardrail",1.1904962062835693,33.54406499862671,5.803610801696777,12.515431880950928,0.0,1190.4962062835693,33544.06499862671,5803.610801696777,12515.431880950928,0.0,mit_ecg,0.2,20,5200000,26000000
FLASH_FUSION,6,0.0,llm_judge_score,54.77784299850464,0.00081132,873,375,True,False,N/A,"S1,S2,S3,guardrail,agent",8.365837097167969,5.933655023574829,11.588912010192871,1.2893009185791016,26.82217502593994,8365.837097167969,5933.655023574829,11588.912010192871,1289.3009185791016,26822.17502593994,mit_ecg,0.2,20,5200000,26000000
FLASH_FUSION,7,1.0,llm_judge_score,29.747272968292236,0.00073727,789,344,True,False,N/A,"S1,S2,S3,guardrail,agent",1.3193159103393555,0.8867628574371338,7.324549913406372,1.1482200622558594,18.257991313934326,1319.3159103393555,886.7628574371338,7324.549913406372,1148.2200622558594,18257.991313934326,mit_ecg,0.2,20,5200000,26000000
FLASH_FUSION,8,1.0,llm_judge_score,25.5708270072937,0.00039119999999999997,493,127,True,False,N/A,"S1,S2,S3,guardrail,agent",1.530141830444336,2.219770908355713,10.093623638153076,1.327894926071167,9.601189136505127,1530.141830444336,2219.770908355713,10093.623638153076,1327.894926071167,9601.189136505127,mit_ecg,0.2,20,5200000,26000000
FLASH_FUSION,9,0.0,llm_judge_score,42.54366111755371,0.00089261,984,395,True,False,N/A,"S1,S2,S3,guardrail,agent",3.3776209354400635,5.442744016647339,4.37596869468689,1.5376708507537842,27.021395921707153,3377.6209354400635,5442.744016647339,4375.96869468689,1537.6708507537842,27021.395921707153,mit_ecg,0.2,20,5200000,26000000
FLASH_FUSION,10,1.0,guardrail_skip_expected_rejection,11.323650598526001,0.000383,297,263,False,True,N/A,"S1,S2,S3,guardrail",0.8106992244720459,2.8380990028381348,4.850194931030273,2.0447463989257812,0.0,810.6992244720459,2838.0990028381348,4850.194931030273,2044.7463989257812,0.0,mit_ecg,0.2,20,5200000,26000000
FLASH_FUSION,11,1.0,guardrail_skip_expected_rejection,13.936607360839844,0.00029526,238,196,False,True,N/A,"S1,S2,S3,guardrail",0.8630867004394531,1.3559629917144775,9.527364253997803,1.375945806503296,0.0,863.0867004394531,1355.9629917144775,9527.364253997803,1375.945806503296,0.0,mit_ecg,0.2,20,5200000,26000000
FLASH_FUSION,12,1.0,guardrail_skip_expected_rejection,9.349894285202026,0.00040745,313,282,False,True,N/A,"S1,S2,S3,guardrail",1.171410083770752,1.9908411502838135,3.1168272495269775,2.282902956008911,0.0,1171.410083770752,1990.8411502838135,3116.8272495269775,2282.902956008911,0.0,mit_ecg,0.2,20,5200000,26000000
FLASH_FUSION,1,1.0,llm_judge_score,21.427013874053955,0.0003524,450,110,True,False,N/A,"S1,S2,S3,guardrail,agent",1.6453759670257568,2.592646837234497,2.4503560066223145,1.7917799949645996,11.148706197738647,1645.3759670257568,2592.646837234497,2450.3560066223145,1791.7799949645996,11148.706197738647,mit_ecg,0.4,40,10400000,26000000
FLASH_FUSION,2,1.0,llm_judge_score,15.176640033721924,0.00042623,543,134,True,False,N/A,"S1,S2,S3,guardrail,agent",1.3385097980499268,1.2841038703918457,3.083522081375122,1.8420495986938477,6.015877723693848,1338.5097980499268,1284.1038703918457,3083.522081375122,1842.0495986938477,6015.877723693848,mit_ecg,0.4,40,10400000,26000000
FLASH_FUSION,3,1.0,llm_judge_score,20.994624137878418,0.00044122,551,147,True,False,N/A,"S1,S2,S3,guardrail,agent",1.7261061668395996,7.93523097038269,2.192000150680542,1.9043030738830566,5.609871864318848,1726.1061668395996,7935.23097038269,2192.000150680542,1904.3030738830566,5609.871864318848,mit_ecg,0.4,40,10400000,26000000
FLASH_FUSION,4,1.0,llm_judge_score,31.21601104736328,0.0007624400000000001,912,284,True,False,N/A,"S1,S2,S3,guardrail,agent",0.9413740634918213,3.3709869384765625,11.52091908454895,4.410161972045898,9.286479949951172,941.3740634918213,3370.9869384765625,11520.91908454895,4410.161972045898,9286.479949951172,mit_ecg,0.4,40,10400000,26000000
FLASH_FUSION,5,0.0,guardrail_skip_unexpected_rejection,15.125857830047607,0.00041073,344,263,False,True,N/A,"S1,S2,S3,guardrail",1.030494213104248,2.3793678283691406,5.144200086593628,4.969460964202881,0.0,1030.494213104248,2379.3678283691406,5144.200086593628,4969.460964202881,0.0,mit_ecg,0.4,40,10400000,26000000
FLASH_FUSION,6,1.0,llm_judge_score,36.09130883216858,0.00073066,826,308,True,False,N/A,"S1,S2,S3,guardrail,agent",2.2694718837738037,3.304569959640503,6.3773581981658936,1.8251562118530273,20.75840997695923,2269.4718837738037,3304.569959640503,6377.358198165894,1825.1562118530273,20758.40997695923,mit_ecg,0.4,40,10400000,26000000
FLASH_FUSION,7,0.0,llm_judge_score,36.05631995201111,0.00075797,804,359,True,False,N/A,"S1,S2,S3,guardrail,agent",1.0475869178771973,4.757521867752075,4.408922910690308,2.881371259689331,21.285430908203125,1047.5869178771973,4757.521867752075,4408.922910690308,2881.371259689331,21285.430908203125,mit_ecg,0.4,40,10400000,26000000
FLASH_FUSION,8,1.0,llm_judge_score,25.462100982666016,0.00041995,527,138,True,False,N/A,"S1,S2,S3,guardrail,agent",1.1294188499450684,3.38372802734375,9.760152101516724,1.7874419689178467,7.791156053543091,1129.4188499450684,3383.72802734375,9760.152101516724,1787.4419689178467,7791.156053543091,mit_ecg,0.4,40,10400000,26000000
FLASH_FUSION,9,0.0,llm_judge_score,48.83606672286987,0.00085483,928,389,True,False,N/A,"S1,S2,S3,guardrail,agent",6.321268796920776,5.431673049926758,5.944147348403931,1.961850881576538,27.544779062271118,6321.268796920776,5431.673049926758,5944.147348403931,1961.850881576538,27544.779062271118,mit_ecg,0.4,40,10400000,26000000
FLASH_FUSION,10,1.0,guardrail_skip_expected_rejection,14.260957956314087,0.00043839,340,301,False,True,N/A,"S1,S2,S3,guardrail",1.0887200832366943,2.766329050064087,5.319361209869385,3.466235876083374,0.0,1088.7200832366943,2766.329050064087,5319.361209869385,3466.235876083374,0.0,mit_ecg,0.4,40,10400000,26000000
FLASH_FUSION,11,1.0,guardrail_skip_expected_rejection,44.38352108001709,0.00064737,488,455,False,True,N/A,"S1,S2,S3,guardrail",1.321220874786377,27.714480876922607,8.17097806930542,5.626809120178223,0.0,1321.220874786377,27714.480876922607,8170.97806930542,5626.809120178223,0.0,mit_ecg,0.4,40,10400000,26000000
FLASH_FUSION,12,1.0,guardrail_skip_expected_rejection,36.20435404777527,0.0003893,305,265,False,True,N/A,"S1,S2,S3,guardrail",1.5938119888305664,4.665989875793457,24.13745093345642,4.240703821182251,0.0,1593.8119888305664,4665.989875793457,24137.45093345642,4240.703821182251,0.0,mit_ecg,0.4,40,10400000,26000000
FLASH_FUSION,1,1.0,llm_judge_score,39.41999411582947,0.00035949000000000007,458,113,True,False,N/A,"S1,S2,S3,guardrail,agent",1.1608469486236572,7.554394006729126,13.827865839004517,2.8865721225738525,8.156522035598755,1160.8469486236572,7554.394006729126,13827.865839004517,2886.5721225738525,8156.522035598755,mit_ecg,0.6,60,15600000,26000000
FLASH_FUSION,2,1.0,llm_judge_score,109.14921283721924,0.00046191,570,159,True,False,N/A,"S1,S2,S3,guardrail,agent",0.9986319541931152,7.474695920944214,1.5144469738006592,86.05544924736023,10.577833890914917,998.6319541931152,7474.695920944214,1514.4469738006592,86055.44924736023,10577.833890914917,mit_ecg,0.6,60,15600000,26000000
FLASH_FUSION,3,1.0,llm_judge_score,18.1432843208313,0.0004932000000000001,615,165,True,False,N/A,"S1,S2,S3,guardrail,agent",0.6761138439178467,1.3862581253051758,3.0273091793060303,2.731336832046509,7.893182754516602,676.1138439178467,1386.2581253051758,3027.3091793060303,2731.336832046509,7893.182754516602,mit_ecg,0.6,60,15600000,26000000
FLASH_FUSION,4,0.0,llm_judge_score,67.30373930931091,0.00078338,1068,194,True,False,N/A,"S1,S2,S3,guardrail,agent",1.0582830905914307,1.5515730381011963,9.25898289680481,26.635442972183228,26.354124069213867,1058.2830905914307,1551.5730381011963,9258.98289680481,26635.442972183228,26354.124069213867,mit_ecg,0.6,60,15600000,26000000
FLASH_FUSION,5,1.0,llm_judge_score,66.38928699493408,0.00070384,810,286,True,False,N/A,"S1,S2,S3,guardrail,agent",0.9617528915405273,2.080720901489258,12.334758043289185,33.39575719833374,15.183359861373901,961.7528915405273,2080.720901489258,12334.758043289185,33395.75719833374,15183.359861373901,mit_ecg,0.6,60,15600000,26000000
FLASH_FUSION,6,0.0,llm_judge_score,89.1951379776001,0.0007479699999999999,854,309,True,False,N/A,"S1,S2,S3,guardrail,agent",1.710848093032837,2.9928150177001953,8.052487850189209,9.996417999267578,64.04192399978638,1710.848093032837,2992.8150177001953,8052.487850189209,9996.417999267578,64041.92399978638,mit_ecg,0.6,60,15600000,26000000
FLASH_FUSION,7,0.0,llm_judge_score,27.651229858398438,0.00076225,830,345,True,False,N/A,"S1,S2,S3,guardrail,agent",1.374859094619751,2.696160078048706,5.765840291976929,3.038599967956543,12.196353912353516,1374.859094619751,2696.160078048706,5765.840291976929,3038.599967956543,12196.353912353516,mit_ecg,0.6,60,15600000,26000000
FLASH_FUSION,8,1.0,llm_judge_score,56.331122159957886,0.00046416,539,185,True,False,N/A,"S1,S2,S3,guardrail,agent",27.743696928024292,1.2965259552001953,12.018963813781738,2.9145731925964355,9.876137018203735,27743.696928024292,1296.5259552001953,12018.963813781738,2914.5731925964355,9876.137018203735,mit_ecg,0.6,60,15600000,26000000
FLASH_FUSION,9,0.0,llm_judge_score,157.91477513313293,0.00086665,940,395,True,False,N/A,"S1,S2,S3,guardrail,agent",7.259320974349976,1.6184849739074707,5.881366968154907,35.91796612739563,104.8398699760437,7259.320974349976,1618.4849739074707,5881.366968154907,35917.96612739563,104839.8699760437,mit_ecg,0.6,60,15600000,26000000
FLASH_FUSION,10,1.0,guardrail_skip_expected_rejection,18.46623682975769,0.00040861999999999995,319,279,False,True,N/A,"S1,S2,S3,guardrail",1.2137300968170166,6.264200925827026,5.167412996292114,3.26334810256958,0.0,1213.7300968170166,6264.200925827026,5167.412996292114,3263.34810256958,0.0,mit_ecg,0.6,60,15600000,26000000
FLASH_FUSION,11,1.0,guardrail_skip_expected_rejection,69.87307286262512,0.00046007999999999997,354,318,False,True,N/A,"S1,S2,S3,guardrail",1.0606811046600342,3.3301210403442383,59.7003288269043,3.5203442573547363,0.0,1060.6811046600342,3330.1210403442383,59700.3288269043,3520.3442573547363,0.0,mit_ecg,0.6,60,15600000,26000000
FLASH_FUSION,12,0.0,llm_judge_score,20.045021057128906,0.00061313,754,213,True,False,N/A,"S1,S2,S3,guardrail,agent",2.0802931785583496,2.3697121143341064,3.2704017162323,2.4736268520355225,7.588647127151489,2080.2931785583496,2369.7121143341064,3270.4017162323,2473.6268520355225,7588.647127151489,mit_ecg,0.6,60,15600000,26000000
FLASH_FUSION,1,1.0,llm_judge_score,47.47800588607788,0.0003583,460,110,True,False,N/A,"S1,S2,S3,guardrail,agent",1.0391261577606201,2.505903959274292,2.8007278442382812,3.3571131229400635,33.85026717185974,1039.1261577606201,2505.903959274292,2800.7278442382812,3357.1131229400635,33850.26717185974,mit_ecg,0.8,80,20800000,26000000
FLASH_FUSION,2,1.0,llm_judge_score,20.061272144317627,0.0004083,526,124,True,False,N/A,"S1,S2,S3,guardrail,agent",1.1486692428588867,1.8847711086273193,2.2345011234283447,3.3493800163269043,8.270020723342896,1148.6692428588867,1884.7711086273193,2234.5011234283447,3349.3800163269043,8270.020723342896,mit_ecg,0.8,80,20800000,26000000
FLASH_FUSION,3,1.0,llm_judge_score,19.45679998397827,0.00043037999999999996,542,140,True,False,N/A,"S1,S2,S3,guardrail,agent",1.0022897720336914,2.0886688232421875,1.3451859951019287,3.159290075302124,8.581709146499634,1002.2897720336914,2088.6688232421875,1345.1859951019287,3159.290075302124,8581.709146499634,mit_ecg,0.8,80,20800000,26000000
FLASH_FUSION,4,1.0,llm_judge_score,77.62623524665833,0.00054677,675,188,True,False,N/A,"S1,S2,S3,guardrail,agent",0.39446187019348145,54.35554790496826,2.1137030124664307,5.892319917678833,11.614767074584961,394.46187019348145,54355.54790496826,2113.7030124664307,5892.319917678833,11614.767074584961,mit_ecg,0.8,80,20800000,26000000
FLASH_FUSION,5,0.0,guardrail_skip_unexpected_rejection,17.953837156295776,0.00039376,338,246,False,True,N/A,"S1,S2,S3,guardrail",1.2802162170410156,2.5950520038604736,6.539602994918823,4.263119220733643,0.0,1280.2162170410156,2595.0520038604736,6539.602994918823,4263.119220733643,0.0,mit_ecg,0.8,80,20800000,26000000
FLASH_FUSION,6,1.0,llm_judge_score,41.577800273895264,0.0008473,938,372,True,False,N/A,"S1,S2,S3,guardrail,agent",3.2402048110961914,2.6250970363616943,9.554156064987183,3.231058359146118,19.870147943496704,3240.2048110961914,2625.0970363616943,9554.156064987183,3231.058359146118,19870.147943496704,mit_ecg,0.8,80,20800000,26000000
FLASH_FUSION,7,0.0,llm_judge_score,26.74647808074951,0.00072444,786,330,True,False,N/A,"S1,S2,S3,guardrail,agent",1.105407953262329,2.0630171298980713,4.913563966751099,3.1990420818328857,12.234319925308228,1105.407953262329,2063.0171298980713,4913.563966751099,3199.0420818328857,12234.319925308228,mit_ecg,0.8,80,20800000,26000000
FLASH_FUSION,8,1.0,llm_judge_score,24.439985990524292,0.00045573000000000006,514,193,True,False,N/A,"S1,S2,S3,guardrail,agent",1.2503399848937988,0.7343771457672119,3.443739175796509,4.192484140396118,11.563673973083496,1250.3399848937988,734.3771457672119,3443.739175796509,4192.484140396118,11563.673973083496,mit_ecg,0.8,80,20800000,26000000
FLASH_FUSION,9,1.0,guardrail_skip_expected_rejection,22.424394130706787,0.0005292799999999999,403,369,False,True,N/A,"S1,S2,S3,guardrail",0.9745097160339355,9.152788877487183,4.474829912185669,4.5753960609436035,0.0,974.5097160339355,9152.788877487183,4474.829912185669,4575.3960609436035,0.0,mit_ecg,0.8,80,20800000,26000000
FLASH_FUSION,10,1.0,guardrail_skip_expected_rejection,15.511011123657227,0.00037826,297,257,False,True,N/A,"S1,S2,S3,guardrail",0.7704329490661621,1.8159499168395996,5.687166929244995,4.062192678451538,0.0,770.4329490661621,1815.9499168395996,5687.166929244995,4062.192678451538,0.0,mit_ecg,0.8,80,20800000,26000000
FLASH_FUSION,11,1.0,guardrail_skip_expected_rejection,22.77361512184143,0.0003962,310,270,False,True,N/A,"S1,S2,S3,guardrail",0.9337730407714844,8.243616819381714,6.451667070388794,3.881908893585205,0.0,933.7730407714844,8243.616819381714,6451.667070388794,3881.908893585205,0.0,mit_ecg,0.8,80,20800000,26000000
FLASH_FUSION,12,0.0,llm_judge_score,26.178555965423584,0.0006476399999999999,696,300,True,False,N/A,"S1,S2,S3,guardrail,agent",0.8102929592132568,3.379647970199585,1.4539251327514648,3.7428767681121826,13.453645706176758,810.2929592132568,3379.647970199585,1453.9251327514648,3742.8767681121826,13453.645706176758,mit_ecg,0.8,80,20800000,26000000
FLASH_FUSION,1,1.0,llm_judge_score,25.287678241729736,0.00034964,448,108,True,False,N/A,"S1,S2,S3,guardrail,agent",0.7731201648712158,1.3465969562530518,0.8724439144134521,4.253517150878906,12.7885160446167,773.1201648712158,1346.5969562530518,872.4439144134521,4253.517150878906,12788.5160446167,mit_ecg,1.0,100,26000000,26000000
FLASH_FUSION,2,1.0,llm_judge_score,24.103842735290527,0.00049908,633,159,True,False,N/A,"S1,S2,S3,guardrail,agent",0.7983019351959229,2.5834732055664062,2.848618268966675,4.144214868545532,9.067378044128418,798.3019351959229,2583.4732055664062,2848.618268966675,4144.214868545532,9067.378044128418,mit_ecg,1.0,100,26000000,26000000
FLASH_FUSION,3,1.0,llm_judge_score,39.81710886955261,0.0005562200000000001,687,191,True,False,N/A,"S1,S2,S3,guardrail,agent",7.062692880630493,10.141543865203857,2.922382116317749,4.176926136016846,10.474254131317139,7062.692880630493,10141.543865203857,2922.382116317749,4176.926136016846,10474.254131317139,mit_ecg,1.0,100,26000000,26000000
FLASH_FUSION,4,1.0,llm_judge_score,27.535080194473267,0.00054656,680,184,True,False,N/A,"S1,S2,S3,guardrail,agent",0.7749438285827637,1.7325422763824463,3.881549119949341,5.610699892044067,10.38022518157959,774.9438285827637,1732.5422763824463,3881.549119949341,5610.699892044067,10380.22518157959,mit_ecg,1.0,100,26000000,26000000
FLASH_FUSION,5,1.0,llm_judge_score,26.045828104019165,0.0007087799999999999,888,234,True,False,N/A,"S1,S2,S3,guardrail,agent",1.0147650241851807,2.3378090858459473,4.81879997253418,3.9826691150665283,9.825072050094604,1014.7650241851807,2337.8090858459473,4818.79997253418,3982.6691150665283,9825.072050094604,mit_ecg,1.0,100,26000000,26000000
FLASH_FUSION,6,1.0,llm_judge_score,47.05870318412781,0.0007029599999999999,767,317,True,False,N/A,"S1,S2,S3,guardrail,agent",1.364997148513794,2.4128170013427734,5.426182270050049,3.751574993133545,29.9879207611084,1364.997148513794,2412.8170013427734,5426.182270050049,3751.574993133545,29987.9207611084,mit_ecg,1.0,100,26000000,26000000
FLASH_FUSION,7,0.0,llm_judge_score,33.97151708602905,0.0008494700000000001,939,374,True,False,N/A,"S1,S2,S3,guardrail,agent",0.9352200031280518,2.257720708847046,5.477197885513306,3.869858980178833,17.357541799545288,935.2200031280518,2257.720708847046,5477.197885513306,3869.858980178833,17357.541799545288,mit_ecg,1.0,100,26000000,26000000
FLASH_FUSION,8,1.0,llm_judge_score,57.4247510433197,0.00046967999999999993,543,189,True,False,N/A,"S1,S2,S3,guardrail,agent",1.1273071765899658,1.029414176940918,12.149607181549072,3.9967291355133057,32.400151014328,1127.3071765899658,1029.414176940918,12149.607181549072,3996.7291355133057,32400.151014328003,mit_ecg,1.0,100,26000000,26000000
FLASH_FUSION,9,0.0,llm_judge_score,30.419944047927856,0.0007708799999999999,933,279,True,False,N/A,"S1,S2,S3,guardrail,agent",1.0379729270935059,1.786849021911621,8.870615720748901,4.132504940032959,10.494777917861938,1037.9729270935059,1786.849021911621,8870.615720748901,4132.504940032959,10494.777917861938,mit_ecg,1.0,100,26000000,26000000
FLASH_FUSION,10,1.0,guardrail_skip_expected_rejection,40.11930990219116,0.00032523,258,219,False,True,N/A,"S1,S2,S3,guardrail",1.0297000408172607,0.713665246963501,29.539894580841064,4.745365142822266,0.0,1029.7000408172607,713.665246963501,29539.894580841064,4745.365142822266,0.0,mit_ecg,1.0,100,26000000,26000000
FLASH_FUSION,11,1.0,guardrail_skip_expected_rejection,45.590368032455444,0.0004449,343,307,False,True,N/A,"S1,S2,S3,guardrail",0.9061119556427002,4.517523288726807,5.94350790977478,29.808928966522217,0.0,906.1119556427002,4517.523288726807,5943.50790977478,29808.928966522217,0.0,mit_ecg,1.0,100,26000000,26000000
FLASH_FUSION,12,0.0,llm_judge_score,40.864349126815796,0.0007087600000000001,738,346,True,False,N/A,"S1,S2,S3,guardrail,agent",0.7210533618927002,3.435647964477539,4.214154243469238,4.348630905151367,21.097333908081055,721.0533618927002,3435.647964477539,4214.154243469238,4348.630905151367,21097.333908081055,mit_ecg,1.0,100,26000000,26000000
FLASH_FUSION,1,1.0,llm_judge_score,8.311178922653198,0.00031958999999999997,460,61,True,False,N/A,"S1,S2,S3,guardrail,agent",1.6743202209472656,0.9153859615325928,2.2116940021514893,0.4869260787963867,3.01967191696167,1674.3202209472656,915.3859615325928,2211.6940021514893,486.9260787963867,3019.67191696167,bus,0.2,20,243,1219
FLASH_FUSION,2,1.0,llm_judge_score,14.545382976531982,0.00037751,518,91,True,False,N/A,"S1,S2,S3,guardrail,agent",1.160181999206543,2.333400011062622,7.1562340259552,0.5023880004882812,3.388791084289551,1160.181999206543,2333.400011062622,7156.2340259552,502.38800048828125,3388.791084289551,bus,0.2,20,243,1219
FLASH_FUSION,3,1.0,llm_judge_score,13.992010354995728,0.00038715999999999995,529,95,True,False,N/A,"S1,S2,S3,guardrail,agent",0.6973838806152344,1.3086748123168945,1.8937559127807617,0.5923120975494385,9.494114875793457,697.3838806152344,1308.6748123168945,1893.7559127807617,592.3120975494385,9494.114875793457,bus,0.2,20,243,1219
FLASH_FUSION,4,1.0,llm_judge_score,12.160987854003906,0.00051439,671,150,True,False,N/A,"S1,S2,S3,guardrail,agent",0.5536551475524902,1.9543297290802002,0.9972176551818848,2.0991811752319336,6.552178144454956,553.6551475524902,1954.3297290802002,997.2176551818848,2099.1811752319336,6552.178144454956,bus,0.2,20,243,1219
FLASH_FUSION,5,1.0,llm_judge_score,34.95199418067932,0.0009558799999999999,1114,378,True,False,N/A,"S1,S2,S3,guardrail,agent",1.6165223121643066,2.9852800369262695,11.671483993530273,8.076757192611694,10.597595930099487,1616.5223121643066,2985.2800369262695,11671.483993530273,8076.757192611694,10597.595930099487,bus,0.2,20,243,1219
FLASH_FUSION,6,0.0,llm_judge_score,22.87635111808777,0.00083499,1043,278,True,False,N/A,"S1,S2,S3,guardrail,agent",1.6341848373413086,5.21769905090332,5.035989999771118,0.4693639278411865,10.512451171875,1634.1848373413086,5217.69905090332,5035.989999771118,469.3639278411865,10512.451171875,bus,0.2,20,243,1219
FLASH_FUSION,7,1.0,llm_judge_score,43.65411305427551,0.00076208,977,235,True,False,N/A,"S1,S2,S3,guardrail,agent",2.6088459491729736,22.205798149108887,4.463973045349121,0.49213266372680664,13.878880977630615,2608.8459491729736,22205.798149108887,4463.973045349121,492.13266372680664,13878.880977630615,bus,0.2,20,243,1219
FLASH_FUSION,8,0.0,llm_judge_score,28.25014019012451,0.0009488399999999998,1086,390,True,False,N/A,"S1,S2,S3,guardrail,agent",0.9317359924316406,3.9146881103515625,5.309177875518799,0.36510396003723145,17.725208044052124,931.7359924316406,3914.6881103515625,5309.177875518799,365.10396003723145,17725.208044052124,bus,0.2,20,243,1219
FLASH_FUSION,9,1.0,guardrail_skip_expected_rejection,15.427088022232056,0.00041515,314,291,False,True,N/A,"S1,S2,S3,guardrail",1.0488440990447998,3.689393997192383,9.864577054977417,0.8180959224700928,0.0,1048.8440990447998,3689.393997192383,9864.577054977417,818.0959224700928,0.0,bus,0.2,20,243,1219
FLASH_FUSION,10,1.0,guardrail_skip_expected_rejection,9.032850980758667,0.0005149,388,362,False,True,N/A,"S1,S2,S3,guardrail",0.8913242816925049,1.0700101852416992,5.94152307510376,1.1255650520324707,0.0,891.3242816925049,1070.0101852416992,5941.52307510376,1125.5650520324707,0.0,bus,0.2,20,243,1219
FLASH_FUSION,11,1.0,guardrail_skip_expected_rejection,13.51445198059082,0.00042265,316,299,False,True,N/A,"S1,S2,S3,guardrail",1.0230228900909424,3.087308645248413,7.68335223197937,1.7148027420043945,0.0,1023.0228900909424,3087.308645248413,7683.35223197937,1714.8027420043945,0.0,bus,0.2,20,243,1219
FLASH_FUSION,12,1.0,guardrail_skip_expected_rejection,30.01949119567871,0.00049223,371,346,False,True,N/A,"S1,S2,S3,guardrail",1.0100862979888916,4.504814147949219,16.275290966033936,8.224852085113525,0.0,1010.0862979888916,4504.814147949219,16275.290966033936,8224.852085113525,0.0,bus,0.2,20,243,1219
FLASH_FUSION,1,1.0,llm_judge_score,8.546010971069336,0.00033379,468,73,True,False,N/A,"S1,S2,S3,guardrail,agent",0.554581880569458,1.3529918193817139,1.8284239768981934,0.5036368370056152,4.301162958145142,554.581880569458,1352.9918193817139,1828.4239768981934,503.63683700561523,4301.162958145142,bus,0.4,40,487,1219
FLASH_FUSION,2,1.0,llm_judge_score,7.686310052871704,0.00038263,524,93,True,False,N/A,"S1,S2,S3,guardrail,agent",0.6632349491119385,1.3984522819519043,1.7221407890319824,0.8457341194152832,3.0516040325164795,663.2349491119385,1398.4522819519043,1722.1407890319824,845.7341194152832,3051.6040325164795,bus,0.4,40,487,1219
FLASH_FUSION,3,1.0,llm_judge_score,10.857467889785767,0.00042044,568,108,True,False,N/A,"S1,S2,S3,guardrail,agent",0.6187222003936768,1.3674030303955078,4.111057996749878,0.3702971935272217,4.383018970489502,618.7222003936768,1367.4030303955078,4111.057996749878,370.2971935272217,4383.018970489502,bus,0.4,40,487,1219
FLASH_FUSION,4,1.0,llm_judge_score,12.89783000946045,0.00050159,656,145,True,False,N/A,"S1,S2,S3,guardrail,agent",0.5607109069824219,4.389680862426758,3.105246067047119,1.6229057312011719,3.2145659923553467,560.7109069824219,4389.680862426758,3105.246067047119,1622.9057312011719,3214.5659923553467,bus,0.4,40,487,1219
FLASH_FUSION,5,1.0,llm_judge_score,21.608664989471436,0.00105621,1193,446,True,False,N/A,"S1,S2,S3,guardrail,agent",2.953951120376587,3.249276876449585,9.41330099105835,0.5464119911193848,5.440799951553345,2953.951120376587,3249.276876449585,9413.30099105835,546.4119911193848,5440.799951553345,bus,0.4,40,487,1219
FLASH_FUSION,6,1.0,llm_judge_score,23.143457889556885,0.00087926,1031,343,True,False,N/A,"S1,S2,S3,guardrail,agent",1.050980806350708,6.274316072463989,7.859587907791138,0.5754837989807129,7.375669002532959,1050.980806350708,6274.316072463989,7859.587907791138,575.4837989807129,7375.669002532959,bus,0.4,40,487,1219
FLASH_FUSION,7,1.0,llm_judge_score,13.15162968635559,0.0007161800000000001,851,271,True,False,N/A,"S1,S2,S3,guardrail,agent",0.6558358669281006,2.965938091278076,5.7306811809539795,0.3032691478729248,3.491060972213745,655.8358669281006,2965.938091278076,5730.6811809539795,303.2691478729248,3491.060972213745,bus,0.4,40,487,1219
FLASH_FUSION,8,1.0,llm_judge_score,21.86036705970764,0.0009173099999999998,1058,371,True,False,N/A,"S1,S2,S3,guardrail,agent",0.6206309795379639,4.78605318069458,5.765313148498535,1.4813439846038818,9.203081130981445,620.6309795379639,4786.05318069458,5765.313148498535,1481.3439846038818,9203.081130981445,bus,0.4,40,487,1219
FLASH_FUSION,9,1.0,guardrail_skip_expected_rejection,13.615745067596436,0.00051529,390,361,False,True,N/A,"S1,S2,S3,guardrail",0.8623719215393066,0.9289791584014893,9.703986883163452,2.11403489112854,0.0,862.3719215393066,928.9791584014893,9703.986883163452,2114.03489112854,0.0,bus,0.4,40,487,1219
FLASH_FUSION,10,1.0,guardrail_skip_expected_rejection,11.65720510482788,0.00047784000000000005,360,336,False,True,N/A,"S1,S2,S3,guardrail",1.025559902191162,3.55118989944458,5.923274278640747,1.1524360179901123,0.0,1025.559902191162,3551.18989944458,5923.274278640747,1152.4360179901123,0.0,bus,0.4,40,487,1219
FLASH_FUSION,11,1.0,guardrail_skip_expected_rejection,12.3971848487854,0.00036528,275,257,False,True,N/A,"S1,S2,S3,guardrail",0.7280259132385254,5.099819183349609,5.753405809402466,0.8100540637969971,0.0,728.0259132385254,5099.819183349609,5753.405809402466,810.0540637969971,0.0,bus,0.4,40,487,1219
FLASH_FUSION,12,1.0,guardrail_skip_expected_rejection,16.292908906936646,0.00054822,411,387,False,True,N/A,"S1,S2,S3,guardrail",1.116199016571045,6.032904863357544,7.470044136047363,1.6697759628295898,0.0,1116.199016571045,6032.904863357544,7470.044136047363,1669.7759628295898,0.0,bus,0.4,40,487,1219
FLASH_FUSION,1,1.0,llm_judge_score,7.46446681022644,0.00032098999999999995,453,68,True,False,N/A,"S1,S2,S3,guardrail,agent",0.5457100868225098,0.9592390060424805,1.844214916229248,0.5664949417114258,3.5438308715820312,545.7100868225098,959.2390060424805,1844.214916229248,566.4949417114258,3543.8308715820312,bus,0.6,60,731,1219
FLASH_FUSION,2,1.0,llm_judge_score,21.132216930389404,0.0005196900000000001,684,147,True,False,N/A,"S1,S2,S3,guardrail,agent",3.143188953399658,1.4181950092315674,12.060559034347534,0.5752801895141602,3.930039882659912,3143.188953399658,1418.1950092315674,12060.559034347534,575.2801895141602,3930.039882659912,bus,0.6,60,731,1219
FLASH_FUSION,3,1.0,llm_judge_score,10.333876848220825,0.00042044,568,108,True,False,N/A,"S1,S2,S3,guardrail,agent",0.6435940265655518,1.5367579460144043,0.9184510707855225,0.4124772548675537,6.817715883255005,643.5940265655518,1536.7579460144043,918.4510707855225,412.4772548675537,6817.715883255005,bus,0.6,60,731,1219
FLASH_FUSION,4,1.0,llm_judge_score,58.00444293022156,0.00049293,644,143,True,False,N/A,"S1,S2,S3,guardrail,agent",0.8295538425445557,2.2583649158477783,49.48676800727844,0.6378879547119141,4.78533411026001,829.5538425445557,2258.3649158477783,49486.76800727844,637.8879547119141,4785.33411026001,bus,0.6,60,731,1219
FLASH_FUSION,5,1.0,llm_judge_score,46.91796588897705,0.00109333,1197,490,True,False,N/A,"S1,S2,S3,guardrail,agent",1.2958741188049316,13.140925884246826,15.268218040466309,0.8092648983001709,16.398705005645752,1295.8741188049316,13140.925884246826,15268.218040466309,809.2648983001709,16398.705005645752,bus,0.6,60,731,1219
FLASH_FUSION,6,0.0,llm_judge_score,28.689122200012207,0.0007912799999999999,989,263,True,False,N/A,"S1,S2,S3,guardrail,agent",1.2927610874176025,1.5441479682922363,7.8121562004089355,0.422910213470459,17.612416982650757,1292.7610874176025,1544.1479682922363,7812.156200408936,422.910213470459,17612.416982650757,bus,0.6,60,731,1219
FLASH_FUSION,7,1.0,llm_judge_score,42.78523540496826,0.00077017,980,243,True,False,N/A,"S1,S2,S3,guardrail,agent",0.9100930690765381,22.95616102218628,10.838249921798706,0.8873350620269775,7.188200950622559,910.0930690765381,22956.16102218628,10838.249921798706,887.3350620269775,7188.200950622559,bus,0.6,60,731,1219
FLASH_FUSION,8,0.0,llm_judge_score,32.778501749038696,0.0009684,1083,417,True,False,N/A,"S1,S2,S3,guardrail,agent",1.9732270240783691,3.332556962966919,8.898329019546509,6.595135927200317,11.971735000610352,1973.2270240783691,3332.556962966919,8898.329019546509,6595.135927200317,11971.735000610352,bus,0.6,60,731,1219
FLASH_FUSION,9,0.0,llm_judge_score,14.942469835281372,0.0007978200000000001,980,278,True,False,N/A,"S1,S2,S3,guardrail,agent",0.8112888336181641,3.9417128562927246,3.6926190853118896,0.6328561305999756,5.8599817752838135,811.2888336181641,3941.7128562927246,3692.6190853118896,632.8561305999756,5859.9817752838135,bus,0.6,60,731,1219
FLASH_FUSION,10,1.0,guardrail_skip_expected_rejection,23.78849220275879,0.00051294,382,364,False,True,N/A,"S1,S2,S3,guardrail",0.7027060985565186,11.29852294921875,8.894880056381226,2.887728214263916,0.0,702.7060985565186,11298.52294921875,8894.880056381226,2887.728214263916,0.0,bus,0.6,60,731,1219
FLASH_FUSION,11,0.0,llm_judge_score,35.35301113128662,0.0009479099999999999,1063,406,True,False,N/A,"S1,S2,S3,guardrail,agent",4.092439889907837,8.868746042251587,6.581290006637573,1.8847391605377197,13.920289039611816,4092.439889907837,8868.746042251587,6581.290006637573,1884.7391605377197,13920.289039611816,bus,0.6,60,731,1219
FLASH_FUSION,12,1.0,guardrail_skip_expected_rejection,34.25533199310303,0.0005470399999999999,409,387,False,True,N/A,"S1,S2,S3,guardrail",1.8068149089813232,13.748107194900513,16.488708972930908,2.207075834274292,0.0,1806.8149089813232,13748.107194900513,16488.70897293091,2207.075834274292,0.0,bus,0.6,60,731,1219
FLASH_FUSION,1,1.0,llm_judge_score,11.004066228866577,0.00039799,542,99,True,False,N/A,"S1,S2,S3,guardrail,agent",0.6944489479064941,1.1374757289886475,4.801750898361206,0.5018360614776611,3.86365008354187,694.4489479064941,1137.4757289886475,4801.750898361206,501.83606147766113,3863.65008354187,bus,0.8,80,975,1219
FLASH_FUSION,2,1.0,llm_judge_score,15.863721132278442,0.00039424999999999996,537,98,True,False,N/A,"S1,S2,S3,guardrail,agent",0.7760858535766602,1.8952350616455078,9.340452909469604,0.6418018341064453,3.203042984008789,776.0858535766602,1895.2350616455078,9340.452909469604,641.8018341064453,3203.042984008789,bus,0.8,80,975,1219
FLASH_FUSION,3,1.0,llm_judge_score,14.963367938995361,0.00042044,568,108,True,False,N/A,"S1,S2,S3,guardrail,agent",1.0545361042022705,1.5216889381408691,3.15095591545105,0.4892110824584961,8.741508960723877,1054.5361042022705,1521.6889381408691,3150.95591545105,489.2110824584961,8741.508960723877,bus,0.8,80,975,1219
FLASH_FUSION,4,1.0,llm_judge_score,18.124709844589233,0.00046988,621,131,True,False,N/A,"S1,S2,S3,guardrail,agent",0.9751348495483398,7.643958806991577,3.64750599861145,0.5749390125274658,5.278142929077148,975.1348495483398,7643.958806991577,3647.50599861145,574.9390125274658,5278.142929077148,bus,0.8,80,975,1219
FLASH_FUSION,5,1.0,llm_judge_score,33.41356611251831,0.00100172,1106,442,True,False,N/A,"S1,S2,S3,guardrail,agent",3.1846909523010254,6.326059103012085,4.813670873641968,0.3838529586791992,18.700775861740112,3184.6909523010254,6326.059103012085,4813.670873641968,383.8529586791992,18700.775861740112,bus,0.8,80,975,1219
FLASH_FUSION,6,1.0,llm_judge_score,47.56226301193237,0.00083954,1040,286,True,False,N/A,"S1,S2,S3,guardrail,agent",4.841283798217773,25.67059016227722,6.620888710021973,4.071459770202637,6.352852821350098,4841.283798217773,25670.59016227722,6620.888710021973,4071.4597702026367,6352.852821350098,bus,0.8,80,975,1219
FLASH_FUSION,7,1.0,llm_judge_score,15.978132963180542,0.0007691400000000001,918,288,True,False,N/A,"S1,S2,S3,guardrail,agent",1.8409080505371094,1.1401772499084473,5.669476270675659,0.6413538455963135,6.681782960891724,1840.9080505371094,1140.1772499084473,5669.476270675659,641.3538455963135,6681.782960891724,bus,0.8,80,975,1219
FLASH_FUSION,8,0.0,llm_judge_score,25.605937719345093,0.00106552,1261,407,True,False,N/A,"S1,S2,S3,guardrail,agent",1.043816089630127,11.992332935333252,4.5340330600738525,0.4424293041229248,7.588231086730957,1043.816089630127,11992.332935333252,4534.0330600738525,442.4293041229248,7588.231086730957,bus,0.8,80,975,1219
FLASH_FUSION,9,1.0,guardrail_skip_expected_rejection,14.37070107460022,0.00039877,309,274,False,True,N/A,"S1,S2,S3,guardrail",0.8579859733581543,5.054286003112793,6.709336996078491,1.7448368072509766,0.0,857.9859733581543,5054.286003112793,6709.336996078491,1744.8368072509766,0.0,bus,0.8,80,975,1219
FLASH_FUSION,10,1.0,guardrail_skip_expected_rejection,20.57222604751587,0.00045635,345,320,False,True,N/A,"S1,S2,S3,guardrail",0.7034738063812256,6.4068968296051025,12.734178066253662,0.7229979038238525,0.0,703.4738063812256,6406.8968296051025,12734.178066253662,722.9979038238525,0.0,bus,0.8,80,975,1219
FLASH_FUSION,11,1.0,guardrail_skip_expected_rejection,12.730386972427368,0.00033296,247,237,False,True,N/A,"S1,S2,S3,guardrail",1.483398199081421,4.81504225730896,3.3123600482940674,3.1146509647369385,0.0,1483.398199081421,4815.04225730896,3312.3600482940674,3114.6509647369385,0.0,bus,0.8,80,975,1219
FLASH_FUSION,12,1.0,guardrail_skip_expected_rejection,32.50422978401184,0.00066317,488,475,False,True,N/A,"S1,S2,S3,guardrail",1.6452038288116455,9.881626844406128,19.19546389579773,1.777379035949707,0.0,1645.2038288116455,9881.626844406128,19195.46389579773,1777.379035949707,0.0,bus,0.8,80,975,1219
FLASH_FUSION,1,1.0,llm_judge_score,7.5181896686553955,0.00033773,472,75,True,False,N/A,"S1,S2,S3,guardrail,agent",1.1232728958129883,1.3659329414367676,0.9793000221252441,0.4229729175567627,3.6222739219665527,1123.2728958129883,1365.9329414367676,979.3000221252441,422.9729175567627,3622.2739219665527,bus,1.0,100,1219,1219
FLASH_FUSION,2,1.0,llm_judge_score,13.944499254226685,0.00040764,553,103,True,False,N/A,"S1,S2,S3,guardrail,agent",0.8351402282714844,6.958647966384888,1.7074377536773682,0.5071427822113037,3.930783987045288,835.1402282714844,6958.647966384888,1707.4377536773682,507.1427822113037,3930.783987045288,bus,1.0,100,1219,1219
FLASH_FUSION,3,1.0,llm_judge_score,14.986823797225952,0.00044036,579,125,True,False,N/A,"S1,S2,S3,guardrail,agent",0.7239348888397217,2.7602577209472656,5.61376690864563,0.7985761165618896,5.085201025009155,723.9348888397217,2760.2577209472656,5613.76690864563,798.5761165618896,5085.201025009155,bus,1.0,100,1219,1219
FLASH_FUSION,4,1.0,llm_judge_score,11.738769054412842,0.00054905,711,164,True,False,N/A,"S1,S2,S3,guardrail,agent",0.8594479560852051,3.8613240718841553,3.089853048324585,0.2606210708618164,3.6629230976104736,859.4479560852051,3861.3240718841553,3089.853048324585,260.6210708618164,3662.9230976104736,bus,1.0,100,1219,1219
FLASH_FUSION,5,1.0,llm_judge_score,27.214675903320312,0.00099039,1135,406,True,False,N/A,"S1,S2,S3,guardrail,agent",6.4987170696258545,4.947248935699463,5.944847822189331,0.5520157814025879,9.265827178955078,6498.7170696258545,4947.248935699463,5944.847822189331,552.0157814025879,9265.827178955078,bus,1.0,100,1219,1219
FLASH_FUSION,6,1.0,llm_judge_score,18.202502965927124,0.00084977,977,346,True,False,N/A,"S1,S2,S3,guardrail,agent",1.105189323425293,1.5803909301757812,5.62719202041626,0.6199250221252441,9.26451826095581,1105.189323425293,1580.3909301757812,5627.19202041626,619.9250221252441,9264.51826095581,bus,1.0,100,1219,1219
FLASH_FUSION,7,1.0,llm_judge_score,21.528961658477783,0.0008149899999999999,985,296,True,False,N/A,"S1,S2,S3,guardrail,agent",1.3059430122375488,8.396184206008911,5.8504650592803955,0.5309381484985352,5.44030499458313,1305.9430122375488,8396.184206008911,5850.4650592803955,530.9381484985352,5440.30499458313,bus,1.0,100,1219,1219
FLASH_FUSION,8,0.0,llm_judge_score,30.340314149856567,0.00098358,1173,369,True,False,N/A,"S1,S2,S3,guardrail,agent",0.654304027557373,10.64880108833313,11.760576009750366,0.4553680419921875,6.816587924957275,654.304027557373,10648.80108833313,11760.576009750366,455.3680419921875,6816.587924957275,bus,1.0,100,1219,1219
FLASH_FUSION,9,1.0,guardrail_skip_expected_rejection,9.04689908027649,0.00038852000000000005,301,267,False,True,N/A,"S1,S2,S3,guardrail",0.8226590156555176,2.804126024246216,3.461223840713501,1.9538109302520752,0.0,822.6590156555176,2804.126024246216,3461.223840713501,1953.8109302520752,0.0,bus,1.0,100,1219,1219
FLASH_FUSION,10,1.0,guardrail_skip_expected_rejection,14.599832773208618,0.00044552000000000003,332,316,False,True,N/A,"S1,S2,S3,guardrail",0.972916841506958,4.834995985031128,7.013992071151733,1.7728540897369385,0.0,972.916841506958,4834.995985031128,7013.992071151733,1772.8540897369385,0.0,bus,1.0,100,1219,1219
FLASH_FUSION,11,0.0,llm_judge_score,32.671302795410156,0.0010964599999999998,1288,426,True,False,N/A,"S1,S2,S3,guardrail,agent",1.2448489665985107,16.282093048095703,7.267750263214111,0.7929470539093018,7.079067945480347,1244.8489665985107,16282.093048095703,7267.750263214111,792.9470539093018,7079.067945480347,bus,1.0,100,1219,1219
FLASH_FUSION,12,0.0,llm_judge_score,39.98745107650757,0.00128506,1372,602,True,False,N/A,"S1,S2,S3,guardrail,agent",0.6845488548278809,6.269688129425049,6.187668800354004,0.6229870319366455,26.21749210357666,684.5488548278809,6269.688129425049,6187.668800354004,622.9870319366455,26217.49210357666,bus,1.0,100,1219,1219
