run_id,baseline,query_id,gt_score,gt_method,latency_s,cost_usd,input_tokens,output_tokens,executed,rejected,judge_verdict,stages_run,s1_latency_s,s2_latency_s,s3_latency_s,guardrail_latency_s,agent_latency_s,s1_latency_ms,s2_latency_ms,s3_latency_ms,guardrail_latency_ms,agent_latency_ms
1,AUTOIOT_PAPER,1,1.0,llm_judge_score,340.479768037796,0.013632559999999998,18605,8372,True,False,N/A,"autoiot_terms,autoiot_search_queries,autoiot_retrieval,autoiot_design_high,autoiot_design_detail,autoiot_module_gen,autoiot_code_integration,autoiot_agent_loop,autoiot_select",12.078906667004048,16.034036666998873,20.911356000011438,63.238340708005126,227.72034774900385,12078.906667004048,16034.036666998873,20911.356000011438,63238.340708005126,227720.34774900385
1,AUTOIOT_PAPER,2,1.0,llm_judge_score,270.5865058898926,0.010899709999999998,15677,6467,True,False,N/A,"autoiot_terms,autoiot_search_queries,autoiot_retrieval,autoiot_design_high,autoiot_design_detail,autoiot_module_gen,autoiot_code_integration,autoiot_agent_loop,autoiot_select",20.599112084004446,16.526592999995046,37.871824834008294,54.33138775100815,140.7724405409972,20599.112084004446,16526.592999995046,37871.824834008294,54331.38775100815,140772.4405409972
1,AUTOIOT_PAPER,3,1.0,llm_judge_score,316.98579716682434,0.012459800000000002,17965,7112,True,False,N/A,"autoiot_terms,autoiot_search_queries,autoiot_retrieval,autoiot_design_high,autoiot_design_detail,autoiot_module_gen,autoiot_code_integration,autoiot_agent_loop,autoiot_select",18.420381999996607,8.694440999999642,78.29368887501187,65.0639820419965,146.01169091600605,18420.381999996607,8694.440999999642,78293.68887501187,65063.982041996496,146011.69091600605
1,AUTOIOT_PAPER,4,1.0,llm_judge_score,430.64850878715515,0.014680690000000001,19684,8978,True,False,N/A,"autoiot_terms,autoiot_search_queries,autoiot_retrieval,autoiot_design_high,autoiot_design_detail,autoiot_module_gen,autoiot_code_integration,autoiot_agent_loop,autoiot_select",7.787183209002251,26.45722579100402,77.68609954100248,48.362213831009285,269.85669641599816,7787.183209002251,26457.22579100402,77686.09954100248,48362.213831009285,269856.69641599816
1,AUTOIOT_PAPER,5,0.0,llm_judge_score,489.0932569503784,0.01370876,18465,7348,True,False,N/A,"autoiot_terms,autoiot_search_queries,autoiot_retrieval,autoiot_design_high,autoiot_design_detail,autoiot_module_gen,autoiot_code_integration,autoiot_agent_loop,autoiot_select",7.488845707004657,43.18467679100286,148.47261974999856,107.94311691700568,181.5598102520089,7488.845707004657,43184.67679100286,148472.61974999856,107943.11691700568,181559.8102520089
1,AUTOIOT_PAPER,6,0.0,llm_judge_score,363.4976201057434,0.012842070000000002,18223,6935,True,False,N/A,"autoiot_terms,autoiot_search_queries,autoiot_retrieval,autoiot_design_high,autoiot_design_detail,autoiot_module_gen,autoiot_code_integration,autoiot_agent_loop,autoiot_select",11.366170416993555,23.8500189999977,83.66091825100011,94.09169587499491,150.04936908400123,11366.170416993555,23850.0189999977,83660.91825100011,94091.69587499491,150049.36908400123
1,AUTOIOT_PAPER,7,0.0,llm_judge_score,670.1219320297241,0.01953517,25789,15026,True,False,N/A,"autoiot_terms,autoiot_search_queries,autoiot_retrieval,autoiot_design_high,autoiot_design_detail,autoiot_module_gen,autoiot_code_integration,autoiot_agent_loop,autoiot_select",10.218252168000618,64.60692695799662,228.65405058299802,140.2886801259956,225.8994034990028,10218.252168000618,64606.92695799662,228654.05058299802,140288.6801259956,225899.4034990028
1,AUTOIOT_PAPER,8,1.0,llm_judge_score,299.4555871486664,0.009270539999999999,13186,5251,True,False,N/A,"autoiot_terms,autoiot_search_queries,autoiot_retrieval,autoiot_design_high,autoiot_design_detail,autoiot_module_gen,autoiot_code_integration,autoiot_agent_loop,autoiot_select",11.594890000997111,18.85911554100312,94.22279283298849,89.69906933399034,84.62379491700267,11594.890000997111,18859.11554100312,94222.79283298849,89699.06933399034,84623.79491700267
1,AUTOIOT_PAPER,9,0.0,llm_judge_score,265.4247360229492,0.00927298,13473,5726,True,False,N/A,"autoiot_terms,autoiot_search_queries,autoiot_retrieval,autoiot_design_high,autoiot_design_detail,autoiot_module_gen,autoiot_code_integration,autoiot_agent_loop,autoiot_select",13.507986083001015,31.22680945799948,79.54327095801273,73.50635516701732,67.20079700000497,13507.986083001015,31226.80945799948,79543.27095801273,73506.35516701732,67200.79700000497
1,AUTOIOT_PAPER,10,0.0,llm_judge_score,547.7915740013123,0.019878470000000006,24951,13887,True,False,N/A,"autoiot_terms,autoiot_search_queries,autoiot_retrieval,autoiot_design_high,autoiot_design_detail,autoiot_module_gen,autoiot_code_integration,autoiot_agent_loop,autoiot_select",17.115540667007735,28.242297875003715,103.15563091499644,84.53716945801716,314.27657737400295,17115.540667007735,28242.297875003715,103155.63091499644,84537.16945801716,314276.57737400295
1,AUTOIOT_PAPER,11,0.0,llm_judge_score,236.28268313407898,0.008661369999999998,12765,5210,True,False,N/A,"autoiot_terms,autoiot_search_queries,autoiot_retrieval,autoiot_design_high,autoiot_design_detail,autoiot_module_gen,autoiot_code_integration,autoiot_agent_loop,autoiot_select",18.902624248999928,23.612100166996242,65.3018379579953,61.06158683598915,66.91058320899174,18902.624248999928,23612.100166996242,65301.8379579953,61061.58683598915,66910.58320899174
1,AUTOIOT_PAPER,12,0.0,llm_judge_score,935.4696290493011,0.023930429999999996,27288,19055,True,False,N/A,"autoiot_terms,autoiot_search_queries,autoiot_retrieval,autoiot_design_high,autoiot_design_detail,autoiot_module_gen,autoiot_code_integration,autoiot_agent_loop,autoiot_select",11.721162916997855,34.08030929099914,82.28681691699603,139.86251554099,667.0190366669849,11721.162916997855,34080.30929099914,82286.81691699603,139862.51554099,667019.0366669849
1,AUTOIOT_PAPER,13,1.0,llm_judge_score,410.72810196876526,0.01537101,21627,9658,True,False,N/A,"autoiot_terms,autoiot_search_queries,autoiot_retrieval,autoiot_design_high,autoiot_design_detail,autoiot_module_gen,autoiot_code_integration,autoiot_agent_loop,autoiot_select",17.52657483398798,17.560137332999147,80.67020704098104,88.28786212299019,206.21540966801695,17526.57483398798,17560.137332999147,80670.20704098104,88287.86212299019,206215.40966801695
1,AUTOIOT_PAPER,14,0.0,llm_judge_score,890.7578549385071,0.02069179,28461,12952,True,False,N/A,"autoiot_terms,autoiot_search_queries,autoiot_retrieval,autoiot_design_high,autoiot_design_detail,autoiot_module_gen,autoiot_code_integration,autoiot_agent_loop,autoiot_select",14.95591395899828,14.12362079200102,78.15351350000128,225.03072329200222,558.0288444990147,14955.91395899828,14123.62079200102,78153.51350000128,225030.72329200222,558028.8444990147
1,AUTOIOT_PAPER,15,1.0,llm_judge_score,544.402440071106,0.014340579999999999,19790,8618,True,False,N/A,"autoiot_terms,autoiot_search_queries,autoiot_retrieval,autoiot_design_high,autoiot_design_detail,autoiot_module_gen,autoiot_code_integration,autoiot_agent_loop,autoiot_select",25.158302334006294,40.39028554200195,98.10290949900809,118.40487970699905,261.91286716700415,25158.302334006294,40390.28554200195,98102.90949900809,118404.87970699905,261912.86716700415
1,AUTOIOT_PAPER,16,0.0,llm_judge_score,1019.7580261230469,0.025369870000000006,33623,17730,True,False,N/A,"autoiot_terms,autoiot_search_queries,autoiot_retrieval,autoiot_design_high,autoiot_design_detail,autoiot_module_gen,autoiot_code_integration,autoiot_agent_loop,autoiot_select",11.181928834004793,21.901270874979673,68.49970949999988,309.80505870802153,607.905937042,11181.928834004793,21901.270874979673,68499.70949999988,309805.05870802153,607905.937042
1,FLASH_FUSION,1,1.0,llm_judge_score,29.194586277008057,0.00144498,3115,178,True,False,N/A,"S1,S2,guardrail,S3,agent",2.30351185798645,1.859358787536621,2.4353370666503906,3.8113248348236084,14.820372104644775,2303.51185798645,1859.358787536621,2435.3370666503906,3811.3248348236084,14820.372104644775
1,FLASH_FUSION,2,1.0,llm_judge_score,32.365103006362915,0.0014107400000000002,3065,171,True,False,N/A,"S1,S2,guardrail,S3,agent",2.1938090324401855,0.5260951519012451,0.754608154296875,4.193968057632446,20.763439178466797,2193.8090324401855,526.0951519012451,754.608154296875,4193.968057632446,20763.439178466797
1,FLASH_FUSION,3,1.0,llm_judge_score,28.76984405517578,0.0014452599999999999,3080,194,True,False,N/A,"S1,S2,guardrail,S3,agent",1.7342510223388672,1.191500186920166,3.071597099304199,3.9002649784088135,14.95367693901062,1734.2510223388672,1191.500186920166,3071.597099304199,3900.2649784088135,14953.67693901062
1,FLASH_FUSION,4,1.0,llm_judge_score,48.539056062698364,0.0015638199999999998,3206,259,True,False,N/A,"S1,S2,guardrail,S3,agent",2.20764422416687,1.5435945987701416,3.8082118034362793,3.983626127243042,33.05455684661865,2207.64422416687,1543.5945987701416,3808.2118034362793,3983.626127243042,33054.55684661865
1,FLASH_FUSION,5,0.0,guardrail_skip_unexpected_rejection,10.103863000869751,0.00051039,1653,113,False,True,N/A,"S1,S2,guardrail",0.9512012004852295,0.6348590850830078,0.0,4.626439809799194,0.0,951.2012004852295,634.8590850830078,0.0,4626.439809799194,0.0
1,FLASH_FUSION,6,0.0,llm_judge_score,32.86809301376343,0.00170413,3348,363,True,False,N/A,"S1,S2,guardrail,S3,agent",0.3051018714904785,1.522435188293457,4.711043119430542,9.735249996185303,12.795605659484863,305.1018714904785,1522.435188293457,4711.043119430542,9735.249996185303,12795.605659484863
1,FLASH_FUSION,7,1.0,llm_judge_score,39.78585720062256,0.0017945300000000001,3319,482,True,False,N/A,"S1,S2,guardrail,S3,agent",1.4836249351501465,2.3034608364105225,11.145750999450684,3.948056697845459,16.93106722831726,1483.6249351501465,2303.4608364105225,11145.750999450684,3948.056697845459,16931.06722831726
1,FLASH_FUSION,8,1.0,llm_judge_score,30.959534883499146,0.0015107999999999999,3231,204,True,False,N/A,"S1,S2,guardrail,S3,agent",0.5116550922393799,3.9690418243408203,3.2481307983398438,3.9432871341705322,15.360427856445312,511.6550922393799,3969.0418243408203,3248.1307983398438,3943.287134170532,15360.427856445312
1,FLASH_FUSION,9,1.0,guardrail_skip_expected_rejection,10.813271760940552,0.00048302999999999996,1605,83,False,True,N/A,"S1,S2,guardrail",0.5146889686584473,1.8164761066436768,0.0,4.577250003814697,0.0,514.6889686584473,1816.4761066436768,0.0,4577.250003814697,0.0
1,FLASH_FUSION,10,1.0,guardrail_skip_expected_rejection,12.030009269714355,0.00049759,1596,102,False,True,N/A,"S1,S2,guardrail",0.6555089950561523,1.717149019241333,0.0,5.870648145675659,0.0,655.5089950561523,1717.149019241333,0.0,5870.648145675659,0.0
1,FLASH_FUSION,11,1.0,guardrail_skip_expected_rejection,19.40285301208496,0.00050844,1634,104,False,True,N/A,"S1,S2,guardrail",1.5088889598846436,4.4026267528533936,0.0,9.706067085266113,0.0,1508.8889598846436,4402.626752853394,0.0,9706.067085266113,0.0
1,FLASH_FUSION,12,1.0,guardrail_skip_expected_rejection,14.604135990142822,0.00049578,1619,104,False,True,N/A,"S1,S2,guardrail",1.8282089233398438,2.2542238235473633,0.0,6.754606008529663,0.0,1828.2089233398438,2254.2238235473633,0.0,6754.606008529663,0.0
1,FLASH_FUSION,13,1.0,llm_judge_score,47.78694295883179,0.0021086900000000003,3734,615,True,False,N/A,"S1,S2,guardrail,S3,agent",1.5641062259674072,2.2627530097961426,4.40923285484314,4.051936149597168,31.686635971069336,1564.1062259674072,2262.7530097961426,4409.23285484314,4051.936149597168,31686.635971069336
1,FLASH_FUSION,14,0.0,llm_judge_score,125.83299589157104,0.0031933300000000003,4894,1363,True,False,N/A,"S1,S2,guardrail,S3,agent",1.6553101539611816,5.121422052383423,8.664812088012695,8.298401117324829,98.15151596069336,1655.3101539611816,5121.422052383423,8664.812088012695,8298.40111732483,98151.51596069336
1,FLASH_FUSION,15,0.0,guardrail_skip_unexpected_rejection,14.460461139678955,0.00061743,2076,853,False,True,N/A,"S1,S2,guardrail",4.8210389614105225,0.6292519569396973,0.0,5.079231023788452,0.0,4821.0389614105225,629.2519569396973,0.0,5079.231023788452,0.0
1,FLASH_FUSION,16,0.0,llm_judge_score,43.567444801330566,0.0021097700000000004,3694,653,True,False,N/A,"S1,S2,guardrail,S3,agent",1.6554217338562012,2.2631611824035645,6.8487889766693115,9.627246141433716,19.349617958068848,1655.4217338562012,2263.1611824035645,6848.7889766693115,9627.246141433716,19349.617958068848
1,REACT_ONLY,1,1.0,llm_judge_score,20.4858660697937,0.00028608,434,38,True,False,N/A,react_agent,0.0,0.0,0.0,0.0,0.0,0.0,0.0,0.0,0.0,0.0
1,REACT_ONLY,2,1.0,llm_judge_score,15.050315141677856,0.00028412,428,40,True,False,N/A,react_agent,0.0,0.0,0.0,0.0,0.0,0.0,0.0,0.0,0.0,0.0
1,REACT_ONLY,3,1.0,llm_judge_score,11.560888767242432,0.00029263,421,56,True,False,N/A,react_agent,0.0,0.0,0.0,0.0,0.0,0.0,0.0,0.0,0.0,0.0
1,REACT_ONLY,4,1.0,llm_judge_score,12.672825813293457,0.00031685,450,65,True,False,N/A,react_agent,0.0,0.0,0.0,0.0,0.0,0.0,0.0,0.0,0.0,0.0
1,REACT_ONLY,5,1.0,llm_judge_score,12.746562004089355,0.00036307999999999995,444,128,True,False,N/A,react_agent,0.0,0.0,0.0,0.0,0.0,0.0,0.0,0.0,0.0,0.0
1,REACT_ONLY,6,1.0,llm_judge_score,10.82349181175232,0.00029064,427,49,True,False,N/A,react_agent,0.0,0.0,0.0,0.0,0.0,0.0,0.0,0.0,0.0,0.0
1,REACT_ONLY,7,0.0,llm_judge_score,12.497931957244873,0.00037592,443,145,True,False,N/A,react_agent,0.0,0.0,0.0,0.0,0.0,0.0,0.0,0.0,0.0,0.0
1,REACT_ONLY,8,1.0,llm_judge_score,12.157801866531372,0.00033566,431,103,True,False,N/A,react_agent,0.0,0.0,0.0,0.0,0.0,0.0,0.0,0.0,0.0,0.0
1,REACT_ONLY,9,0.0,llm_judge_score,13.09268593788147,0.00032788999999999995,458,73,True,False,N/A,react_agent,0.0,0.0,0.0,0.0,0.0,0.0,0.0,0.0,0.0,0.0
1,REACT_ONLY,10,0.0,llm_judge_score,33.95128393173218,0.0007700599999999999,787,387,True,False,N/A,react_agent,0.0,0.0,0.0,0.0,0.0,0.0,0.0,0.0,0.0,0.0
1,REACT_ONLY,11,1.0,llm_judge_score,12.664194107055664,0.00053472,755,113,True,False,N/A,react_agent,0.0,0.0,0.0,0.0,0.0,0.0,0.0,0.0,0.0,0.0
1,REACT_ONLY,12,0.0,llm_judge_score,25.793084859848022,0.00038248,426,166,True,False,N/A,react_agent,0.0,0.0,0.0,0.0,0.0,0.0,0.0,0.0,0.0,0.0
1,REACT_ONLY,13,1.0,llm_judge_score,38.2571439743042,0.00050333,513,254,True,False,N/A,react_agent,0.0,0.0,0.0,0.0,0.0,0.0,0.0,0.0,0.0,0.0
1,REACT_ONLY,14,0.0,llm_judge_score,81.47778105735779,0.00125254,1266,640,True,False,N/A,react_agent,0.0,0.0,0.0,0.0,0.0,0.0,0.0,0.0,0.0,0.0
1,REACT_ONLY,15,0.0,llm_judge_score,15.095611810684204,0.00051274,541,245,True,False,N/A,react_agent,0.0,0.0,0.0,0.0,0.0,0.0,0.0,0.0,0.0,0.0
1,REACT_ONLY,16,0.0,llm_judge_score,46.59978222846985,0.0014238599999999999,1310,824,True,False,N/A,react_agent,0.0,0.0,0.0,0.0,0.0,0.0,0.0,0.0,0.0,0.0
2,AUTOIOT_PAPER,1,1.0,llm_judge_score,286.31290078163147,0.007717210000000001,11585,4392,True,False,N/A,"autoiot_terms,autoiot_search_queries,autoiot_retrieval,autoiot_design_high,autoiot_design_detail,autoiot_module_gen,autoiot_code_integration,autoiot_agent_loop,autoiot_select",13.539063624994014,30.890517541003646,64.26248408397078,57.9784901659732,119.19578729201749,13539.063624994014,30890.517541003646,64262.484083970776,57978.4901659732,119195.78729201749
2,AUTOIOT_PAPER,2,1.0,llm_judge_score,269.25423097610474,0.009052559999999998,13449,5401,True,False,N/A,"autoiot_terms,autoiot_search_queries,autoiot_retrieval,autoiot_design_high,autoiot_design_detail,autoiot_module_gen,autoiot_code_integration,autoiot_agent_loop,autoiot_select",13.923900584006333,13.755347625003196,69.16303745898767,104.41708437498892,67.50462466602039,13923.900584006333,13755.347625003196,69163.03745898767,104417.08437498892,67504.62466602039
2,AUTOIOT_PAPER,3,1.0,llm_judge_score,338.63412714004517,0.010187939999999998,14435,6387,True,False,N/A,"autoiot_terms,autoiot_search_queries,autoiot_retrieval,autoiot_design_high,autoiot_design_detail,autoiot_module_gen,autoiot_code_integration,autoiot_agent_loop,autoiot_select",10.343871332006529,16.13098508400435,166.29911858399282,73.76340458403865,71.6409866670001,10343.871332006529,16130.985084004351,166299.11858399282,73763.40458403865,71640.9866670001
2,AUTOIOT_PAPER,4,1.0,llm_judge_score,299.7788770198822,0.01001529,13870,6072,True,False,N/A,"autoiot_terms,autoiot_search_queries,autoiot_retrieval,autoiot_design_high,autoiot_design_detail,autoiot_module_gen,autoiot_code_integration,autoiot_agent_loop,autoiot_select",11.59975645900704,23.529756292002276,92.88618104100169,65.2117069990054,106.1019429149892,11599.75645900704,23529.756292002276,92886.18104100169,65211.7069990054,106101.9429149892
2,AUTOIOT_PAPER,5,0.0,llm_judge_score,461.3339612483978,0.016461659999999996,23142,10525,True,False,N/A,"autoiot_terms,autoiot_search_queries,autoiot_retrieval,autoiot_design_high,autoiot_design_detail,autoiot_module_gen,autoiot_code_integration,autoiot_agent_loop,autoiot_select",10.447949958004756,21.36385504200007,31.006365708002704,66.82797604103689,331.2082067080046,10447.949958004756,21363.85504200007,31006.365708002704,66827.97604103689,331208.2067080046
2,AUTOIOT_PAPER,6,0.0,llm_judge_score,270.8068959712982,0.013173929999999999,17544,7955,True,False,N/A,"autoiot_terms,autoiot_search_queries,autoiot_retrieval,autoiot_design_high,autoiot_design_detail,autoiot_module_gen,autoiot_code_integration,autoiot_agent_loop,autoiot_select",21.358932792005362,21.795821375009837,70.57424337498378,39.717893456996535,116.87215233400639,21358.932792005362,21795.821375009837,70574.24337498378,39717.893456996535,116872.15233400639
2,AUTOIOT_PAPER,7,1.0,llm_judge_score,425.69231700897217,0.01319053,18078,8178,True,False,N/A,"autoiot_terms,autoiot_search_queries,autoiot_retrieval,autoiot_design_high,autoiot_design_detail,autoiot_module_gen,autoiot_code_integration,autoiot_agent_loop,autoiot_select",12.235944874992128,26.27713699900778,82.03631262501585,125.5704141229944,179.1016605420009,12235.944874992128,26277.13699900778,82036.31262501585,125570.4141229944,179101.6605420009
2,AUTOIOT_PAPER,8,1.0,llm_judge_score,287.9216089248657,0.010246749999999999,14639,5590,True,False,N/A,"autoiot_terms,autoiot_search_queries,autoiot_retrieval,autoiot_design_high,autoiot_design_detail,autoiot_module_gen,autoiot_code_integration,autoiot_agent_loop,autoiot_select",9.05838608299382,12.412097666005138,52.57655779100605,56.283310122962575,157.10096079199866,9058.38608299382,12412.097666005138,52576.55779100605,56283.310122962575,157100.96079199866
2,AUTOIOT_PAPER,9,0.0,llm_judge_score,676.061431646347,0.016689640000000002,24190,10969,True,False,N/A,"autoiot_terms,autoiot_search_queries,autoiot_retrieval,autoiot_design_high,autoiot_design_detail,autoiot_module_gen,autoiot_code_integration,autoiot_agent_loop,autoiot_select",13.253121960005956,49.69724295800552,81.54251416599436,164.49050429199997,366.64301220899506,13253.121960005956,49697.24295800552,81542.51416599436,164490.50429199997,366643.01220899506
2,AUTOIOT_PAPER,10,0.0,llm_judge_score,713.5227768421173,0.01735156,22955,12196,True,False,N/A,"autoiot_terms,autoiot_search_queries,autoiot_retrieval,autoiot_design_high,autoiot_design_detail,autoiot_module_gen,autoiot_code_integration,autoiot_agent_loop,autoiot_select",8.461268375991494,58.196830415996374,94.93058366600599,215.33232479503204,336.104451081992,8461.268375991494,58196.83041599637,94930.58366600599,215332.32479503204,336104.451081992
2,AUTOIOT_PAPER,11,0.0,llm_judge_score,225.14803409576416,0.007832389999999998,11759,4558,True,False,N/A,"autoiot_terms,autoiot_search_queries,autoiot_retrieval,autoiot_design_high,autoiot_design_detail,autoiot_module_gen,autoiot_code_integration,autoiot_agent_loop,autoiot_select",7.583095124020474,48.563883208000334,21.19541395799024,48.66239758298616,98.66622366699448,7583.095124020474,48563.883208000334,21195.41395799024,48662.39758298616,98666.22366699448
2,AUTOIOT_PAPER,12,0.0,llm_judge_score,608.2010669708252,0.015581379999999999,20250,10082,True,False,N/A,"autoiot_terms,autoiot_search_queries,autoiot_retrieval,autoiot_design_high,autoiot_design_detail,autoiot_module_gen,autoiot_code_integration,autoiot_agent_loop,autoiot_select",10.875594333003392,33.86984037500224,156.7170127069985,75.4424599170161,330.7913702909864,10875.594333003392,33869.84037500224,156717.0127069985,75442.4599170161,330791.3702909864
2,AUTOIOT_PAPER,13,1.0,llm_judge_score,457.34288787841797,0.01577054,21859,10235,True,False,N/A,"autoiot_terms,autoiot_search_queries,autoiot_retrieval,autoiot_design_high,autoiot_design_detail,autoiot_module_gen,autoiot_code_integration,autoiot_agent_loop,autoiot_select",7.007222290994832,31.82060420900234,75.85524950099352,78.6850466629985,263.48299362597754,7007.222290994832,31820.60420900234,75855.24950099352,78685.0466629985,263482.99362597754
2,AUTOIOT_PAPER,14,0.0,llm_judge_score,721.7628190517426,0.02219937,31360,14768,True,False,N/A,"autoiot_terms,autoiot_search_queries,autoiot_retrieval,autoiot_design_high,autoiot_design_detail,autoiot_module_gen,autoiot_code_integration,autoiot_agent_loop,autoiot_select",11.76195062599436,34.48780479199195,79.42474616700201,91.513775791027,504.24435495902435,11761.95062599436,34487.80479199195,79424.74616700201,91513.775791027,504244.35495902435
2,AUTOIOT_PAPER,15,1.0,llm_judge_score,546.8184609413147,0.01498086,21223,9951,True,False,N/A,"autoiot_terms,autoiot_search_queries,autoiot_retrieval,autoiot_design_high,autoiot_design_detail,autoiot_module_gen,autoiot_code_integration,autoiot_agent_loop,autoiot_select",59.47210245799215,16.158983083005296,240.54087920799793,78.28550820999953,151.8738749170152,59472.10245799215,16158.983083005296,240540.87920799793,78285.50820999953,151873.8749170152
2,AUTOIOT_PAPER,16,0.0,llm_judge_score,672.6227679252625,0.020565609999999998,30633,13511,True,False,N/A,"autoiot_terms,autoiot_search_queries,autoiot_retrieval,autoiot_design_high,autoiot_design_detail,autoiot_module_gen,autoiot_code_integration,autoiot_agent_loop,autoiot_select",10.393802874998073,25.593817832996137,98.40645233402029,224.7315195419942,312.98057887298637,10393.802874998073,25593.817832996137,98406.45233402029,224731.5195419942,312980.57887298637
2,FLASH_FUSION,1,1.0,llm_judge_score,38.25417995452881,0.00143555,3095,181,True,False,N/A,"S1,S2,guardrail,S3,agent",6.863892078399658,5.899619102478027,5.700139999389648,4.197499990463257,11.613862991333008,6863.892078399658,5899.619102478027,5700.139999389648,4197.499990463257,11613.862991333008
2,FLASH_FUSION,2,1.0,llm_judge_score,33.979552030563354,0.00148028,3201,190,True,False,N/A,"S1,S2,guardrail,S3,agent",6.544484853744507,5.962299823760986,3.964832067489624,3.9046919345855713,9.655836343765259,6544.484853744507,5962.299823760986,3964.832067489624,3904.6919345855713,9655.836343765259
2,FLASH_FUSION,3,1.0,llm_judge_score,25.406506061553955,0.0014608400000000001,3113,199,True,False,N/A,"S1,S2,guardrail,S3,agent",1.3416821956634521,2.4862260818481445,3.0619802474975586,3.8465468883514404,10.690140008926392,1341.6821956634521,2486.2260818481445,3061.9802474975586,3846.5468883514404,10690.140008926392
2,FLASH_FUSION,4,1.0,llm_judge_score,31.06201410293579,0.0016095600000000001,3292,270,True,False,N/A,"S1,S2,guardrail,S3,agent",0.5381608009338379,2.4584860801696777,7.110380172729492,5.178257942199707,11.772463083267212,538.1608009338379,2458.4860801696777,7110.380172729492,5178.257942199707,11772.463083267212
2,FLASH_FUSION,5,0.0,guardrail_skip_unexpected_rejection,30.95281195640564,0.00064896,1871,329,False,True,N/A,"S1,S2,guardrail",1.6889629364013672,19.495594024658203,0.0,5.73176383972168,0.0,1688.9629364013672,19495.594024658203,0.0,5731.76383972168,0.0
2,FLASH_FUSION,6,1.0,llm_judge_score,39.50448799133301,0.00184927,3374,515,True,False,N/A,"S1,S2,guardrail,S3,agent",2.6641879081726074,2.689927101135254,2.097733736038208,7.337599992752075,20.88539695739746,2664.1879081726074,2689.927101135254,2097.733736038208,7337.599992752075,20885.39695739746
2,FLASH_FUSION,7,1.0,llm_judge_score,45.53845405578613,0.0021861,3929,656,True,False,N/A,"S1,S2,guardrail,S3,agent",1.7465059757232666,8.071052074432373,8.168310165405273,4.424555063247681,19.196985006332397,1746.5059757232666,8071.052074432373,8168.310165405273,4424.555063247681,19196.985006332397
2,FLASH_FUSION,8,1.0,llm_judge_score,32.37486791610718,0.00178756,3580,349,True,False,N/A,"S1,S2,guardrail,S3,agent",1.9876108169555664,8.164575099945068,3.387385845184326,4.25351881980896,10.620582103729248,1987.6108169555664,8164.575099945068,3387.385845184326,4253.51881980896,10620.582103729248
2,FLASH_FUSION,9,1.0,guardrail_skip_expected_rejection,27.98611307144165,0.00066829,1874,362,False,True,N/A,"S1,S2,guardrail",1.9304461479187012,16.19365096092224,0.0,5.936017036437988,0.0,1930.4461479187012,16193.650960922241,0.0,5936.017036437988,0.0
2,FLASH_FUSION,10,1.0,guardrail_skip_expected_rejection,17.895397901535034,0.00048185999999999997,1602,83,False,True,N/A,"S1,S2,guardrail",0.5685691833496094,2.67806077003479,0.0,10.864495038986206,0.0,568.5691833496094,2678.06077003479,0.0,10864.495038986206,0.0
2,FLASH_FUSION,11,1.0,guardrail_skip_expected_rejection,11.133039951324463,0.0004894999999999999,1613,101,False,True,N/A,"S1,S2,guardrail",0.6184308528900146,0.9496462345123291,0.0,5.806929111480713,0.0,618.4308528900146,949.6462345123291,0.0,5806.929111480713,0.0
2,FLASH_FUSION,12,1.0,guardrail_skip_expected_rejection,10.12889289855957,0.00049063,1630,91,False,True,N/A,"S1,S2,guardrail",0.22359824180603027,0.5021390914916992,0.0,5.627135992050171,0.0,223.59824180603027,502.1390914916992,0.0,5627.135992050171,0.0
2,FLASH_FUSION,13,1.0,llm_judge_score,38.74842619895935,0.00200809,3560,623,True,False,N/A,"S1,S2,guardrail,S3,agent",0.9375767707824707,1.3541581630706787,7.575132131576538,3.9736828804016113,21.097209930419922,937.5767707824707,1354.1581630706787,7575.132131576538,3973.6828804016113,21097.209930419922
2,FLASH_FUSION,14,0.0,llm_judge_score,91.25144696235657,0.00300816,4739,1003,True,False,N/A,"S1,S2,guardrail,S3,agent",1.1623821258544922,2.486248016357422,1.4309160709381104,4.6094970703125,77.55179595947266,1162.3821258544922,2486.248016357422,1430.9160709381104,4609.4970703125,77551.79595947266
2,FLASH_FUSION,15,0.0,llm_judge_score,54.451871156692505,0.00223804,4217,1232,True,False,N/A,"S1,S2,guardrail,S3,agent",9.031294107437134,0.6606569290161133,8.607676029205322,4.017398118972778,28.165191888809204,9031.294107437134,660.6569290161133,8607.676029205322,4017.3981189727783,28165.191888809204
2,FLASH_FUSION,16,1.0,llm_judge_score,45.09103298187256,0.00240689,4110,812,True,False,N/A,"S1,S2,guardrail,S3,agent",6.842061996459961,8.599601984024048,2.975421905517578,3.962846040725708,18.783005237579346,6842.061996459961,8599.601984024048,2975.421905517578,3962.846040725708,18783.005237579346
2,REACT_ONLY,1,1.0,llm_judge_score,10.713045835494995,0.00027685000000000003,413,42,True,False,N/A,react_agent,0.0,0.0,0.0,0.0,0.0,0.0,0.0,0.0,0.0,0.0
2,REACT_ONLY,2,1.0,llm_judge_score,11.091799974441528,0.00028412,428,40,True,False,N/A,react_agent,0.0,0.0,0.0,0.0,0.0,0.0,0.0,0.0,0.0,0.0
2,REACT_ONLY,3,1.0,llm_judge_score,11.076405048370361,0.00029929999999999996,439,51,True,False,N/A,react_agent,0.0,0.0,0.0,0.0,0.0,0.0,0.0,0.0,0.0,0.0
2,REACT_ONLY,4,1.0,llm_judge_score,12.464996099472046,0.00031685,450,65,True,False,N/A,react_agent,0.0,0.0,0.0,0.0,0.0,0.0,0.0,0.0,0.0,0.0
2,REACT_ONLY,5,1.0,llm_judge_score,12.653926134109497,0.00038061,463,136,True,False,N/A,react_agent,0.0,0.0,0.0,0.0,0.0,0.0,0.0,0.0,0.0,0.0
2,REACT_ONLY,6,1.0,llm_judge_score,10.856621026992798,0.00029064,427,49,True,False,N/A,react_agent,0.0,0.0,0.0,0.0,0.0,0.0,0.0,0.0,0.0,0.0
2,REACT_ONLY,7,0.0,llm_judge_score,13.31358790397644,0.00037873999999999997,421,165,True,False,N/A,react_agent,0.0,0.0,0.0,0.0,0.0,0.0,0.0,0.0,0.0,0.0
2,REACT_ONLY,8,1.0,llm_judge_score,16.604987859725952,0.00032855,431,94,True,False,N/A,react_agent,0.0,0.0,0.0,0.0,0.0,0.0,0.0,0.0,0.0,0.0
2,REACT_ONLY,9,0.0,llm_judge_score,12.350880146026611,0.00034196,439,105,True,False,N/A,react_agent,0.0,0.0,0.0,0.0,0.0,0.0,0.0,0.0,0.0,0.0
2,REACT_ONLY,10,0.0,llm_judge_score,13.790724039077759,0.00042688000000000003,441,211,True,False,N/A,react_agent,0.0,0.0,0.0,0.0,0.0,0.0,0.0,0.0,0.0,0.0
2,REACT_ONLY,11,1.0,llm_judge_score,15.546496868133545,0.00049645,737,78,True,False,N/A,react_agent,0.0,0.0,0.0,0.0,0.0,0.0,0.0,0.0,0.0,0.0
2,REACT_ONLY,12,0.0,llm_judge_score,15.208641052246094,0.00040282,427,191,True,False,N/A,react_agent,0.0,0.0,0.0,0.0,0.0,0.0,0.0,0.0,0.0,0.0
2,REACT_ONLY,13,1.0,llm_judge_score,27.1516170501709,0.00049543,513,244,True,False,N/A,react_agent,0.0,0.0,0.0,0.0,0.0,0.0,0.0,0.0,0.0,0.0
2,REACT_ONLY,14,0.0,llm_judge_score,68.045077085495,0.00127323,1285,652,True,False,N/A,react_agent,0.0,0.0,0.0,0.0,0.0,0.0,0.0,0.0,0.0,0.0
2,REACT_ONLY,15,1.0,llm_judge_score,16.718113899230957,0.00051985,541,254,True,False,N/A,react_agent,0.0,0.0,0.0,0.0,0.0,0.0,0.0,0.0,0.0,0.0
2,REACT_ONLY,16,1.0,llm_judge_score,12.277451038360596,0.00050945,514,261,True,False,N/A,react_agent,0.0,0.0,0.0,0.0,0.0,0.0,0.0,0.0,0.0,0.0
3,AUTOIOT_PAPER,1,1.0,llm_judge_score,304.4456069469452,0.00960974,13784,5149,True,False,N/A,"autoiot_terms,autoiot_search_queries,autoiot_retrieval,autoiot_design_high,autoiot_design_detail,autoiot_module_gen,autoiot_code_integration,autoiot_agent_loop,autoiot_select",20.616294416991877,16.243970374998753,55.15293291800481,82.13319354099804,129.85852354197414,20616.294416991877,16243.970374998753,55152.93291800481,82133.19354099804,129858.52354197414
3,AUTOIOT_PAPER,2,1.0,llm_judge_score,408.0827660560608,0.009615849999999999,14313,5651,True,False,N/A,"autoiot_terms,autoiot_search_queries,autoiot_retrieval,autoiot_design_high,autoiot_design_detail,autoiot_module_gen,autoiot_code_integration,autoiot_agent_loop,autoiot_select",20.53099483301048,24.270197790989187,74.93023416699725,161.67704324900114,126.21650337500614,20530.99483301048,24270.197790989187,74930.23416699725,161677.04324900114,126216.50337500614
3,AUTOIOT_PAPER,3,0.0,llm_judge_score,282.4187150001526,0.01095956,17204,6661,True,False,N/A,"autoiot_terms,autoiot_search_queries,autoiot_retrieval,autoiot_design_high,autoiot_design_detail,autoiot_module_gen,autoiot_code_integration,autoiot_agent_loop,autoiot_select",13.60260612500133,11.743281458999263,90.03530525101814,93.93820212503488,72.65338779200101,13602.60612500133,11743.281458999263,90035.30525101814,93938.20212503488,72653.38779200101
3,AUTOIOT_PAPER,4,1.0,llm_judge_score,294.43798089027405,0.00853248,12311,4903,True,False,N/A,"autoiot_terms,autoiot_search_queries,autoiot_retrieval,autoiot_design_high,autoiot_design_detail,autoiot_module_gen,autoiot_code_integration,autoiot_agent_loop,autoiot_select",19.150827457997366,17.85559491800086,42.04628304198559,86.27831325099396,128.63175995800702,19150.827457997366,17855.59491800086,42046.28304198559,86278.31325099396,128631.75995800702
3,AUTOIOT_PAPER,5,0.0,llm_judge_score,600.8600807189941,0.018468039999999998,24569,14022,True,False,N/A,"autoiot_terms,autoiot_search_queries,autoiot_retrieval,autoiot_design_high,autoiot_design_detail,autoiot_module_gen,autoiot_code_integration,autoiot_agent_loop,autoiot_select",20.206576333002886,23.246154292006395,99.88086870798725,203.82418912700086,253.22406287402555,20206.576333002886,23246.154292006395,99880.86870798725,203824.18912700086,253224.06287402555
3,AUTOIOT_PAPER,6,0.0,llm_judge_score,185.60957527160645,0.010141319999999999,14674,6122,True,False,N/A,"autoiot_terms,autoiot_search_queries,autoiot_retrieval,autoiot_design_high,autoiot_design_detail,autoiot_module_gen,autoiot_code_integration,autoiot_agent_loop,autoiot_select",16.8039792089985,11.8086509170098,35.533474749012385,36.28826720599318,84.67819958399923,16803.9792089985,11808.6509170098,35533.474749012385,36288.26720599318,84678.19958399923
3,AUTOIOT_PAPER,7,0.0,llm_judge_score,527.3264729976654,0.0157828,21989,9996,True,False,N/A,"autoiot_terms,autoiot_search_queries,autoiot_retrieval,autoiot_design_high,autoiot_design_detail,autoiot_module_gen,autoiot_code_integration,autoiot_agent_loop,autoiot_select",42.08846483399975,46.302793584007304,142.75754262499686,89.88954225102498,205.85852158298076,42088.46483399975,46302.793584007304,142757.54262499686,89889.54225102498,205858.52158298076
3,AUTOIOT_PAPER,8,0.0,llm_judge_score,532.4441838264465,0.015430600000000003,21396,9576,True,False,N/A,"autoiot_terms,autoiot_search_queries,autoiot_retrieval,autoiot_design_high,autoiot_design_detail,autoiot_module_gen,autoiot_code_integration,autoiot_agent_loop,autoiot_select",8.515385706996312,43.21092562400736,129.63861079199705,116.67750570799399,233.97300295899913,8515.385706996312,43210.92562400736,129638.61079199705,116677.50570799399,233973.00295899913
3,AUTOIOT_PAPER,9,0.0,llm_judge_score,277.22879815101624,0.008759449999999998,12841,5159,True,False,N/A,"autoiot_terms,autoiot_search_queries,autoiot_retrieval,autoiot_design_high,autoiot_design_detail,autoiot_module_gen,autoiot_code_integration,autoiot_agent_loop,autoiot_select",15.207040375011275,72.13272887500352,53.41332624999632,59.199342292995425,76.84199591701326,15207.040375011275,72132.72887500352,53413.32624999632,59199.342292995425,76841.99591701326
3,AUTOIOT_PAPER,10,0.0,llm_judge_score,783.9090640544891,0.01918584,25647,13800,True,False,N/A,"autoiot_terms,autoiot_search_queries,autoiot_retrieval,autoiot_design_high,autoiot_design_detail,autoiot_module_gen,autoiot_code_integration,autoiot_agent_loop,autoiot_select",16.708079791002092,21.904658418003237,63.420064208010444,188.12140150197956,493.2624519559904,16708.079791002092,21904.658418003237,63420.064208010444,188121.40150197956,493262.4519559904
3,AUTOIOT_PAPER,11,0.0,llm_judge_score,370.2354769706726,0.011453539999999996,15405,7225,True,False,N/A,"autoiot_terms,autoiot_search_queries,autoiot_retrieval,autoiot_design_high,autoiot_design_detail,autoiot_module_gen,autoiot_code_integration,autoiot_agent_loop,autoiot_select",15.45650183300313,68.59994433300744,138.81853374899947,69.77372691701748,77.10935016701114,15456.50183300313,68599.94433300744,138818.53374899947,69773.72691701748,77109.35016701114
3,AUTOIOT_PAPER,12,0.0,llm_judge_score,1043.694787979126,0.021634729999999994,27140,17093,True,False,N/A,"autoiot_terms,autoiot_search_queries,autoiot_retrieval,autoiot_design_high,autoiot_design_detail,autoiot_module_gen,autoiot_code_integration,autoiot_agent_loop,autoiot_select",25.72073229200032,28.6647069590108,117.1417665839981,198.87974504302838,672.7776547510002,25720.73229200032,28664.7069590108,117141.7665839981,198879.74504302838,672777.6547510002
3,AUTOIOT_PAPER,13,1.0,llm_judge_score,901.9134650230408,0.01964555,26169,13844,True,False,N/A,"autoiot_terms,autoiot_search_queries,autoiot_retrieval,autoiot_design_high,autoiot_design_detail,autoiot_module_gen,autoiot_code_integration,autoiot_agent_loop,autoiot_select",23.435869166001794,48.64987391800969,34.91840349997801,216.7525368330098,577.721129750018,23435.869166001794,48649.87391800969,34918.40349997801,216752.5368330098,577721.129750018
3,AUTOIOT_PAPER,14,0.0,llm_judge_score,816.2600891590118,0.01978378,29494,12778,True,False,N/A,"autoiot_terms,autoiot_search_queries,autoiot_retrieval,autoiot_design_high,autoiot_design_detail,autoiot_module_gen,autoiot_code_integration,autoiot_agent_loop,autoiot_select",15.484253874994465,62.479305915985606,222.6003862079815,165.89736195799196,349.3660285020014,15484.253874994465,62479.305915985606,222600.3862079815,165897.36195799196,349366.0285020014
3,AUTOIOT_PAPER,15,1.0,llm_judge_score,709.9003131389618,0.024321069999999997,30977,16566,True,False,N/A,"autoiot_terms,autoiot_search_queries,autoiot_retrieval,autoiot_design_high,autoiot_design_detail,autoiot_module_gen,autoiot_code_integration,autoiot_agent_loop,autoiot_select",25.579207916991436,20.939891041984083,40.45192370899895,173.16250250102894,449.33445712500543,25579.207916991436,20939.891041984083,40451.92370899895,173162.50250102894,449334.4571250054
3,AUTOIOT_PAPER,16,1.0,llm_judge_score,716.0061388015747,0.02674227,22160,23766,True,False,N/A,"autoiot_terms,autoiot_search_queries,autoiot_retrieval,autoiot_design_high,autoiot_design_detail,autoiot_module_gen,autoiot_code_integration,autoiot_agent_loop,autoiot_select",24.822409875006997,20.572295459001907,364.90020016800554,80.74105708298157,224.49094862399215,24822.409875006997,20572.295459001907,364900.20016800554,80741.05708298157,224490.94862399215
3,FLASH_FUSION,1,1.0,llm_judge_score,30.996502161026,0.0013972799999999999,3039,160,True,False,N/A,"S1,S2,guardrail,S3,agent",0.581805944442749,0.5637819766998291,7.987432956695557,4.1227381229400635,13.837081909179688,581.805944442749,563.7819766998291,7987.432956695557,4122.7381229400635,13837.081909179688
3,FLASH_FUSION,2,0.0,llm_judge_score,28.583017826080322,0.0013243699999999998,2938,170,True,False,N/A,"S1,S2,guardrail,S3,agent",0.5292339324951172,0.5717098712921143,4.079467058181763,4.4093592166900635,15.095836877822876,529.2339324951172,571.7098712921143,4079.4670581817627,4409.3592166900635,15095.836877822876
3,FLASH_FUSION,3,1.0,llm_judge_score,27.789710760116577,0.0014783499999999998,3141,200,True,False,N/A,"S1,S2,guardrail,S3,agent",0.5236799716949463,1.011559009552002,3.3753180503845215,9.9338059425354,9.067271947860718,523.6799716949463,1011.559009552002,3375.3180503845215,9933.8059425354,9067.271947860718
3,FLASH_FUSION,4,1.0,llm_judge_score,32.971795082092285,0.00187069,3382,516,True,False,N/A,"S1,S2,guardrail,S3,agent",1.4066569805145264,1.9283392429351807,9.142383098602295,4.132756948471069,12.452799081802368,1406.6569805145264,1928.3392429351807,9142.383098602295,4132.756948471069,12452.799081802368
3,FLASH_FUSION,5,0.0,guardrail_skip_unexpected_rejection,11.684513092041016,0.00052335,1668,136,False,True,N/A,"S1,S2,guardrail",1.7896308898925781,0.6485691070556641,0.0,5.406601905822754,0.0,1789.6308898925781,648.5691070556641,0.0,5406.601905822754,0.0
3,FLASH_FUSION,6,1.0,llm_judge_score,36.04268002510071,0.0018263799999999998,3383,482,True,False,N/A,"S1,S2,guardrail,S3,agent",2.199186086654663,2.331022024154663,4.718957901000977,4.4368979930877686,18.537177801132202,2199.186086654663,2331.022024154663,4718.957901000977,4436.897993087769,18537.177801132202
3,FLASH_FUSION,7,0.0,llm_judge_score,24.00119400024414,0.0018212100000000002,3376,475,True,False,N/A,"S1,S2,guardrail,S3,agent",2.1065638065338135,2.3680598735809326,1.7990868091583252,4.272248268127441,9.543510913848877,2106.5638065338135,2368.0598735809326,1799.0868091583252,4272.248268127441,9543.510913848877
3,FLASH_FUSION,8,0.0,llm_judge_score,314.1377201080322,0.00557816,3433,5184,True,False,N/A,"S1,S2,guardrail,S3,agent",1.6942262649536133,0.5476369857788086,1.4338829517364502,4.381782054901123,302.1745970249176,1694.2262649536133,547.6369857788086,1433.8829517364502,4381.782054901123,302174.5970249176
3,FLASH_FUSION,9,1.0,guardrail_skip_expected_rejection,33.99116611480713,0.00067792,1893,360,False,True,N/A,"S1,S2,guardrail",2.0392181873321533,18.044039011001587,0.0,10.098576784133911,0.0,2039.2181873321533,18044.039011001587,0.0,10098.576784133911,0.0
3,FLASH_FUSION,10,0.0,llm_judge_score,68.68629884719849,0.00239454,4101,760,True,False,N/A,"S1,S2,guardrail,S3,agent",1.5443172454833984,12.018733978271484,12.285278081893921,9.78108811378479,29.28693914413452,1544.3172454833984,12018.733978271484,12285.27808189392,9781.08811378479,29286.93914413452
3,FLASH_FUSION,11,1.0,guardrail_skip_expected_rejection,12.121165037155151,0.0004995199999999999,1640,90,False,True,N/A,"S1,S2,guardrail",0.34049487113952637,2.376856803894043,0.0,5.5662758350372314,0.0,340.49487113952637,2376.856803894043,0.0,5566.275835037231,0.0
3,FLASH_FUSION,12,1.0,guardrail_skip_expected_rejection,31.46137499809265,0.00049365,1609,95,False,True,N/A,"S1,S2,guardrail",6.750079154968262,2.2733917236328125,0.0,18.676195859909058,0.0,6750.079154968262,2273.3917236328125,0.0,18676.195859909058,0.0
3,FLASH_FUSION,13,0.0,llm_judge_score,113.35888504981995,0.00204105,3759,735,True,False,N/A,"S1,S2,guardrail,S3,agent",2.434952974319458,1.1099679470062256,48.86866617202759,4.111299276351929,53.03821802139282,2434.952974319458,1109.9679470062256,48868.66617202759,4111.299276351929,53038.21802139282
3,FLASH_FUSION,14,0.0,llm_judge_score,167.98032116889954,0.00304,4743,1041,True,False,N/A,"S1,S2,guardrail,S3,agent",2.076547861099243,0.790165901184082,65.52632403373718,6.054204940795898,89.70275974273682,2076.547861099243,790.165901184082,65526.32403373718,6054.204940795898,89702.75974273682
3,FLASH_FUSION,15,0.0,llm_judge_score,50.570757150650024,0.00205324,3781,901,True,False,N/A,"S1,S2,guardrail,S3,agent",1.4430341720581055,4.457855939865112,15.698965072631836,4.2466418743133545,20.783960103988647,1443.0341720581055,4457.855939865112,15698.965072631836,4246.6418743133545,20783.960103988647
3,FLASH_FUSION,16,1.0,llm_judge_score,38.53925395011902,0.00214485,3978,1692,True,False,N/A,"S1,S2,guardrail,S3,agent",4.874373912811279,4.2967369556427,9.229331016540527,5.161268949508667,11.072638988494873,4874.373912811279,4296.7369556427,9229.331016540527,5161.268949508667,11072.638988494873
3,REACT_ONLY,1,1.0,llm_judge_score,9.016733884811401,0.00027428,414,38,True,False,N/A,react_agent,0.0,0.0,0.0,0.0,0.0,0.0,0.0,0.0,0.0,0.0
3,REACT_ONLY,2,1.0,llm_judge_score,14.73817491531372,0.00028353,427,40,True,False,N/A,react_agent,0.0,0.0,0.0,0.0,0.0,0.0,0.0,0.0,0.0,0.0
3,REACT_ONLY,3,1.0,llm_judge_score,14.836353063583374,0.00028888,420,52,True,False,N/A,react_agent,0.0,0.0,0.0,0.0,0.0,0.0,0.0,0.0,0.0,0.0
3,REACT_ONLY,4,1.0,llm_judge_score,11.634407043457031,0.00030742,430,68,True,False,N/A,react_agent,0.0,0.0,0.0,0.0,0.0,0.0,0.0,0.0,0.0,0.0
3,REACT_ONLY,5,1.0,llm_judge_score,15.093538045883179,0.00036249,443,128,True,False,N/A,react_agent,0.0,0.0,0.0,0.0,0.0,0.0,0.0,0.0,0.0,0.0
3,REACT_ONLY,6,1.0,llm_judge_score,10.420888900756836,0.00029123,428,49,True,False,N/A,react_agent,0.0,0.0,0.0,0.0,0.0,0.0,0.0,0.0,0.0,0.0
3,REACT_ONLY,7,0.0,llm_judge_score,11.96713399887085,0.0003655,424,146,True,False,N/A,react_agent,0.0,0.0,0.0,0.0,0.0,0.0,0.0,0.0,0.0,0.0
3,REACT_ONLY,8,1.0,llm_judge_score,12.032394886016846,0.00033507000000000003,430,103,True,False,N/A,react_agent,0.0,0.0,0.0,0.0,0.0,0.0,0.0,0.0,0.0,0.0
3,REACT_ONLY,9,0.0,llm_judge_score,11.207988977432251,0.00029757,420,63,True,False,N/A,react_agent,0.0,0.0,0.0,0.0,0.0,0.0,0.0,0.0,0.0,0.0
3,REACT_ONLY,10,0.0,llm_judge_score,16.245923042297363,0.00038941000000000003,419,180,True,False,N/A,react_agent,0.0,0.0,0.0,0.0,0.0,0.0,0.0,0.0,0.0,0.0
3,REACT_ONLY,11,1.0,llm_judge_score,17.615229845046997,0.0005006,736,84,True,False,N/A,react_agent,0.0,0.0,0.0,0.0,0.0,0.0,0.0,0.0,0.0,0.0
3,REACT_ONLY,12,0.0,llm_judge_score,15.670496940612793,0.00032695,360,145,True,False,N/A,react_agent,0.0,0.0,0.0,0.0,0.0,0.0,0.0,0.0,0.0,0.0
3,REACT_ONLY,13,1.0,llm_judge_score,32.087642192840576,0.00049701,513,246,True,False,N/A,react_agent,0.0,0.0,0.0,0.0,0.0,0.0,0.0,0.0,0.0,0.0
3,REACT_ONLY,14,0.0,llm_judge_score,69.77543711662292,0.00125713,1247,660,True,False,N/A,react_agent,0.0,0.0,0.0,0.0,0.0,0.0,0.0,0.0,0.0,0.0
3,REACT_ONLY,15,0.0,llm_judge_score,13.230093955993652,0.00056078,522,320,True,False,N/A,react_agent,0.0,0.0,0.0,0.0,0.0,0.0,0.0,0.0,0.0,0.0
3,REACT_ONLY,16,0.0,llm_judge_score,76.31912803649902,0.00138224,1289,787,True,False,N/A,react_agent,0.0,0.0,0.0,0.0,0.0,0.0,0.0,0.0,0.0,0.0
